방송일자,방송시간,채널구분,단순분,가중분,아이템분류1,아이템분류2,아이템분류3,아이템분류4,아이템분류5,브랜드,상품명,판매가,할인가,프로모션,상품ID,이미지URL,상세링크,MD분류
2026-01-01,00:37~01:38,전체,61,39,패션,여성의류,상의,니트,라운드,블루핏,"[론칭가79,000원→2만원↓] 블루핏 25FW 노르딕 니트풀오버",59000,59000,카드 5%,20066930,https://img.shinsegaetvshopping.com/goods/930/20066930_l_20251031094755.jpg,https://www.shinsegaetvshopping.com/display/detail/20066930,PB
2026-01-01,01:38~02:38,전체,60,2,패션,여성의류,아우터,재킷,우븐,에디티드,[25FW]  에디티드 Faux 스웨이드 무스탕 자켓,119000,119000,카드 5%,20068675,https://img.shinsegaetvshopping.com/goods/675/20068675_l_20251121101314.jpg,https://www.shinsegaetvshopping.com/display/detail/20068675,PB
2026-01-01,02:38~03:39,전체,61,1,생활용품,생활용품,생활잡화류,옷걸이/벽걸이,기타 옷걸이/벽걸이,이즈미,이즈미 프리미엄 보풀 제거기 IKL-810,84000,84000,카드 5%,20070341,https://img.shinsegaetvshopping.com/goods/341/20070341_s_20201106150257.jpg,https://www.shinsegaetvshopping.com/display/detail/20070341,생활용품
2026-01-01,03:39~04:19,전체,40,1,가전/디지털,주방가전,전기쿠커/포트,전기포트,티포트,보랄,(방송에서만 일시불 1만원) (특대용량 3L) 보랄 스마트 글라스 보온 포트 (BR-P30L),89000,89000,카드 5%,20062988,https://img.shinsegaetvshopping.com/goods/988/20062988_s_20241014143115.jpg,https://www.shinsegaetvshopping.com/display/detail/20062988,주방가전
2026-01-01,04:19~04:30,전체,11,1,가공식품,즉석/편의식품,즉석/조리식품,즉석국/탕/찌개류,기타 즉석국/탕/찌개류,하동관,하동관 한우암소곰탕 600g x 6팩,59900,59900,카드 5%,20067023,https://img.shinsegaetvshopping.com/goods/023/20067023_s_20250808152505.jpg,https://www.shinsegaetvshopping.com/display/detail/20067023,일반식품
2026-01-01,04:30~05:30,전체,60,2,패션,여성의류,아우터,베스트,다운/패딩,플리츠미,(최초! 2만원 인하) (신세계 단독) 25FW 플리츠미 퀼팅 패딩 베스트 (직),119000,119000,카드 5%,20068650,https://img.shinsegaetvshopping.com/goods/650/20068650_s_20251010135459.jpg,https://www.shinsegaetvshopping.com/display/detail/20068650,여성의류
2026-01-01,05:30~06:30,전체,60,49,가공식품,건강식품,기타 건강식품,기타 건강식품,기타 건강식품,HLB제약 알부민,"(방송에서만)[3박스]HLB제약 알부민 인텐시브 골드 329(30병 X 3박스, 총 90병)",169000,169000,카드 5%,20069257,https://img.shinsegaetvshopping.com/goods/257/20069257_s_20251028164602.jpg,https://www.shinsegaetvshopping.com/display/detail/20069257,건강식품
2026-01-01,06:30~07:31,전체,61,83,뷰티,기초화장품,기초케어,세트,기초세트,끌레드벨,"[방송중] 끌레드벨 콜라겐리프팅 기초세트 매니아 (스킨4,로션4,크림4,아이크림4 총16종)",129000,129000,카드 5%,20067409,https://img.shinsegaetvshopping.com/goods/409/20067409_s_20250811161500.jpg,https://www.shinsegaetvshopping.com/display/detail/20067409,뷰티
2026-01-01,07:31~08:31,전체,60,118,뷰티,기초화장품,기초케어,크림/젤,크림,톤28,최현우 패키지] 톤 28 해남 병풀 새벽크림 50g x 6통 +  펩타시카 토너 250ml x 2통,168000,168000,카드 5%,20069720,https://img.shinsegaetvshopping.com/goods/720/20069720_s_20251106121255.jpg,https://www.shinsegaetvshopping.com/display/detail/20069720,뷰티
2026-01-01,08:31~09:32,전체,61,122,가공식품,건강식품,기타 건강식품,기타 건강식품,기타 건강식품,리즐온,"(방송에서만 60병 더!) 이선민 알부민 골드 2+2, 총 4박스 (총 120병)",258000,258000,카드 5%,20070221,https://img.shinsegaetvshopping.com/goods/221/20070221_l_20251128165655.jpg,https://www.shinsegaetvshopping.com/display/detail/20070221,건강식품
2026-01-01,09:32~10:32,전체,60,118,뷰티,기초화장품,기초케어,크림/젤,탄력크림,성분에디터,[특대용량패키지] 성분에디터 녹는실 아이크림 세트 (아이크림 50ml*7개),99900,99900,카드 5%,20069268,https://img.shinsegaetvshopping.com/goods/268/20069268_s_20251021152335.jpg,https://www.shinsegaetvshopping.com/display/detail/20069268,뷰티
2026-01-01,10:32~11:32,전체,60,114,뷰티,이미용기기,미용기기,페이스기기,피부관리기,PMD,[pmd] 풀페이스 리프팅 탄력 밴드 + 리프팅  콜라겐 기초 3종 패키지,198000,198000,카드 5%,20068600,https://img.shinsegaetvshopping.com/goods/600/20068600_s_20250923134755.jpg,https://www.shinsegaetvshopping.com/display/detail/20068600,뷰티
2026-01-01,11:32~12:33,전체,61,95,패션,여성의류,아우터,가디건,라운드,블루핏,"[론칭가69,000원→2만원↓]블루핏 알파카 혼방 레인보우 가디건",49000,49000,,20066556,https://img.shinsegaetvshopping.com/goods/556/20066556_l_20250826135422.jpg,https://www.shinsegaetvshopping.com/display/detail/20066556,PB
2026-01-01,12:33~13:33,전체,60,70,뷰티,기초화장품,기초케어,오일/미스트,페이셜오일,프라우카,[방송중] 프라우카 앰플 오일 500ml 3병+ 오일 10ml +전용펌프3개 (아쇼라 특별구성),199000,199000,카드 5%,20070229,https://img.shinsegaetvshopping.com/goods/229/20070229_s_20251127162829.jpg,https://www.shinsegaetvshopping.com/display/detail/20070229,뷰티
2026-01-01,13:33~14:33,전체,60,91,가공식품,건강식품,기타 건강식품,기타 건강식품,기타 건강식품,리즐온,"(방송에서만 60병 더!) 이선민 알부민 골드 2+2, 총 4박스 (총 120병)",258000,258000,카드 5%,20070221,https://img.shinsegaetvshopping.com/goods/221/20070221_l_20251128165655.jpg,https://www.shinsegaetvshopping.com/display/detail/20070221,건강식품
2026-01-01,14:33~15:34,전체,61,93,뷰티,기초화장품,기초케어,크림/젤,탄력크림,비오진,*전인화패키지* 비오진 알부민 리프팅 크림 50ml*6개+체험분 1매,89000,89000,카드 5%,20070706,https://img.shinsegaetvshopping.com/goods/706/20070706_s_20251223162451.jpg,https://www.shinsegaetvshopping.com/display/detail/20070706,뷰티
2026-01-01,15:34~16:34,전체,60,93,가공식품,건강식품,기타 건강식품,기타 건강식품,기타 건강식품,여에스더 글루타치온,(본품 최다) 여에스더 리포좀 글루타치온 울트라9X 13박스 + 마스크팩 1박스,374000,374000,카드 5%,20070254,https://img.shinsegaetvshopping.com/goods/254/20070254_l_20251201104206.jpg,https://www.shinsegaetvshopping.com/display/detail/20070254,건강식품
2026-01-01,16:34~17:34,전체,60,73,신선식품,농산물,채소류,고구마,호박고구마,자연마루,안면도 호박고구마 4kg * 2박스 (개당 100-300g내외) / 총 8kg,29900,29900,,20069505,https://img.shinsegaetvshopping.com/goods/505/20069505_s_20251222145230.jpg,https://www.shinsegaetvshopping.com/display/detail/20069505,일반식품
2026-01-01,17:34~18:35,전체,61,104,뷰티,기초화장품,마스크/팩,마스크,겔마스크팩,리브이셀,[조윤주 패키지][35회 관리] 리브이셀 콜라겐 투명 랩핑 마스크 30g x 총 35매 (총 7박스) 최저가 패키지,139000,139000,카드 5%,20058024,https://img.shinsegaetvshopping.com/goods/024/20058024_s_20240801093621.jpg,https://www.shinsegaetvshopping.com/display/detail/20058024,뷰티
2026-01-01,18:35~19:35,IPTV,60,73,무형서비스,여행/예약서비스,여행(상담),국내,국내,위드투어,[*위드투어]얼리버드! 울릉도/독도 포항출발 대형크루즈 3박4일 패키지,0,0,,20070427,https://img.shinsegaetvshopping.com/goods/427/20070427_l_20251222105624.jpg,https://www.shinsegaetvshopping.com/display/detail/20070427,여행
2026-01-01,18:35~19:35,CATV,60,31,가공식품,건강식품,기타 건강식품,기타 건강식품,기타 건강식품,뉴케어_당플랜,(방송에서만) 뉴케어 당플랜 코어 144팩 + 당플랜 안심바 36개,263000,263000,카드 5%,20068473,https://img.shinsegaetvshopping.com/goods/473/20068473_s_20250825150425.jpg,https://www.shinsegaetvshopping.com/display/detail/20068473,건강식품
2026-01-01,19:35~20:35,전체,60,120,가공식품,건강식품,기타 건강식품,기타 건강식품,기타 건강식품,오한진 알부민,(방송에서만 2박스 더!)[오한진 알부민] 프리미엄 백세 알부민 2+2박스 (총 120병),258000,258000,카드 5%,20070082,https://img.shinsegaetvshopping.com/goods/082/20070082_s_20251230135313.jpg,https://www.shinsegaetvshopping.com/display/detail/20070082,건강식품
2026-01-01,20:35~21:36,전체,61,101,무형서비스,보험금융,보험,치아보험,치아보험,라이나생명과 라이나원,"20069287 라이나 더 건강한 치아보험(1105,김)",0,0,,20069287,https://img.shinsegaetvshopping.com/goods/287/20069287_l_20240529135447.jpg,https://www.shinsegaetvshopping.com/display/detail/20069287,보험
2026-01-01,21:36~22:36,전체,60,127,가구/인테리어,침구단품,베개/베개커버/베개솜,베개,메모리폼,가누다,(단독/방송에서만) 가누다 블루라벨 피아노 베개 세트 (베개2개+머리냅+추가 애쉬그레이 겉커버 1장+추가 화이트 겉커버 1장),288000,288000,,20070153,https://img.shinsegaetvshopping.com/goods/153/20070153_s_20230310133622.jpg,https://www.shinsegaetvshopping.com/display/detail/20070153,침구
2026-01-01,22:36~23:37,IPTV,61,78,패션잡화,언더웨어,남성,팬티,드로즈(사각),게스언더웨어,[신세계단독] 게스(GUESS) 홀리데이 드로즈 8종+ 티셔츠1종 패키지,88000,88000,카드 5%,20069152,https://img.shinsegaetvshopping.com/goods/152/20069152_s_20251113155804.jpg,https://www.shinsegaetvshopping.com/display/detail/20069152,언더웨어
2026-01-01,22:36~23:37,CATV,61,34,가공식품,건강식품,천연건강식품,자연식품,기타 자연식품,미녀의석류콜라겐,미녀의 석류 콜라겐 200포 (25g x 25포 x 8Box)(직2),241000,241000,,20062613,https://img.shinsegaetvshopping.com/goods/613/20062613_l_20240221143952.jpg,https://www.shinsegaetvshopping.com/display/detail/20062613,건강식품
2026-01-01,23:37~00:37,전체,60,67,패션,여성의류,하의,팬츠,부츠컷,블루핏,[25FW최신상] 블루핏 NEW 코듀로이 팬츠 3종,89900,89900,카드 5%,20066527,https://img.shinsegaetvshopping.com/goods/527/20066527_l_20251023092347.jpg,https://www.shinsegaetvshopping.com/display/detail/20066527,PB
2026-01-02,00:37~01:38,전체,61,32,가공식품,건강식품,기타 건강식품,기타 건강식품,기타 건강식품,비어랩,(방송에서만 30％ 세일) 비어랩 맥주효모 비오틴 플러스 18박스 (36주분),179200,179200,카드 5%,20068792,https://img.shinsegaetvshopping.com/goods/792/20068792_l_20250929161605.jpg,https://www.shinsegaetvshopping.com/display/detail/20068792,건강식품
2026-01-02,01:38~02:38,전체,60,1,패션잡화,언더웨어,여성,내복,세트,여유,여유(yeoyoo) 모달 웜기모 동내의 2세트(여성),39900,39900,,20068821,https://img.shinsegaetvshopping.com/goods/821/20068821_s_20251219091312.jpg,https://www.shinsegaetvshopping.com/display/detail/20068821,PB
2026-01-02,02:38~03:39,전체,61,1,생활용품,생활용품,생활잡화류,구두/신발관련용품,기타 구두/신발관련용품,에어핏솔,[선택1 남녀] (방송에서만 이가격) 에어핏솔 에어백 자석 인솔 4세트 (남성용 2세트 + 여성용 2세트),72700,72700,카드 5%,20070219,https://img.shinsegaetvshopping.com/goods/219/20070219_s_20251127135313.jpg,https://www.shinsegaetvshopping.com/display/detail/20070219,생활용품
2026-01-02,03:39~04:19,전체,40,1,가구/인테리어,침구단품,요,담요,대형담요,메종노아,[대형]메종노아 디럭스 담요 3종 모두 (150*200/로얄로즈+메종크림+미드나잇가든),79900,79900,카드 5%,20068815,https://img.shinsegaetvshopping.com/goods/815/20068815_s_20250929170212.jpg,https://www.shinsegaetvshopping.com/display/detail/20068815,침구
2026-01-02,04:19~04:30,전체,11,1,가공식품,조미료,장류,낫토,식사용낫토,참좋은콩,맑은물에 김석원 낫또 45.5g x 34개,32900,32900,,10193559,https://img.shinsegaetvshopping.com/goods/559/10193559_s_20200429132104.jpg,https://www.shinsegaetvshopping.com/display/detail/10193559,일반식품
2026-01-02,04:30~05:30,전체,60,1,패션,여성의류,아우터,점퍼,다운/패딩,펠틱스,25FW 펠틱스 라이트업 경량패딩 베스트 2종 (여성)[F513W],49900,49900,,20067780,https://img.shinsegaetvshopping.com/goods/780/20067780_l_20250909105329.jpg,https://www.shinsegaetvshopping.com/display/detail/20067780,여성의류
2026-01-02,05:30~06:30,전체,60,38,패션,여성의류,상의,니트,긴팔,디아레,"[런칭가 169,000원]디아레 화이트캐시100 플라워 인타샤 니트 1종",169000,169000,카드 5%,20068971,https://img.shinsegaetvshopping.com/goods/971/20068971_l_20251002122444.jpg,https://www.shinsegaetvshopping.com/display/detail/20068971,여성의류
2026-01-02,06:30~07:31,전체,61,73,가공식품,건강식품,기타 건강식품,기타 건강식품,기타 건강식품,닥터린_콘드로이친,(K 50％세일) 닥터린 콘드로이친 1200 + MBP +K2 (30정X12박스),164500,164500,카드 5%,20061718,https://img.shinsegaetvshopping.com/goods/718/20061718_s_20240930104451.jpg,https://www.shinsegaetvshopping.com/display/detail/20061718,건강식품
2026-01-02,07:31~08:31,전체,60,73,패션,남성캐쥬얼,아우터,점퍼,패딩,펠틱스,25FW 펠틱스 신클라우드 롱패딩 (남여 공용),69900,69900,카드 5%,20069866,https://img.shinsegaetvshopping.com/goods/866/20069866_l_20251112152308.jpg,https://www.shinsegaetvshopping.com/display/detail/20069866,캐쥬얼남성
2026-01-02,08:31~09:32,전체,61,81,뷰티,기초화장품,클렌징,페이셜클렌징,클렌징젤,마미케어,[방송에서만 최대용량] APPLECIDER VINEGAR 애사비 클렌저 세트 (200ml*6개+2ml 7매),79900,79900,카드 5%,20067790,https://img.shinsegaetvshopping.com/goods/790/20067790_s_20250828134224.jpg,https://www.shinsegaetvshopping.com/display/detail/20067790,뷰티
2026-01-02,09:32~10:32,IPTV,60,40,무형서비스,렌탈및기타 서비스,교육,아동학습,아동학습,메가스터디,[교육] 메가스터디교육 엘리하이 초등교육 (방송에서만! 14일 무료체험-겨울방학),0,0,,20070267,https://img.shinsegaetvshopping.com/goods/267/20070267_s_20251203084510.jpg,https://www.shinsegaetvshopping.com/display/detail/20070267,렌탈
2026-01-02,09:32~10:32,CATV,60,17,뷰티,기초화장품,기초케어,크림/젤,크림,마미케어,[최대용량찬스] 마미케어 율무영양크림 기본세트 (크림 50g*4개+상품평 시 15g),59900,59900,카드 5%,20068484,https://img.shinsegaetvshopping.com/goods/484/20068484_s_20251125152604.jpg,https://www.shinsegaetvshopping.com/display/detail/20068484,뷰티
2026-01-02,10:32~11:32,전체,60,52,가공식품,건강식품,기타 건강식품,기타 건강식품,기타 건강식품,비어랩,(방송에서만 30％ 세일) 비어랩 맥주효모 비오틴 플러스 18박스 (36주분),179200,179200,카드 5%,20068792,https://img.shinsegaetvshopping.com/goods/792/20068792_l_20250929161605.jpg,https://www.shinsegaetvshopping.com/display/detail/20068792,건강식품
2026-01-02,11:32~12:33,전체,61,59,패션,레포츠의류,골프의류,아우터,다운/패딩,아이그너,아이그너 후드 트리밍 롱다운 점퍼,399000,399000,카드 5%,20069425,https://img.shinsegaetvshopping.com/goods/425/20069425_s_20251106090901.jpg,https://www.shinsegaetvshopping.com/display/detail/20069425,레포츠
2026-01-02,12:33~13:33,전체,60,56,패션,여성의류,아우터,점퍼,다운/패딩,지베르니,25FW 최신상 ! 지베르니 리버시블 퍼패딩 점퍼,39900,39900,,20070461,https://img.shinsegaetvshopping.com/goods/461/20070461_l_20251229134933.jpg,https://www.shinsegaetvshopping.com/display/detail/20070461,여성의류
2026-01-02,13:33~14:33,전체,60,41,패션,여성의류,아우터,가디건,라운드,블루핏,"[론칭가69,000원→1만원↓] 블루핏 울100 베스트 가디건",59000,59000,카드 5%,20066667,https://img.shinsegaetvshopping.com/goods/667/20066667_l_20251017133005.jpg,https://www.shinsegaetvshopping.com/display/detail/20066667,PB
2026-01-02,14:33~15:34,IPTV,61,30,패션,여성의류,상의,니트,긴팔,비버리힐즈폴로클럽,(신세계 단독)25FW 비버리힐즈폴로클럽 여성 울 블렌디드 반집업 케이블니트 3종,119000,119000,카드 5%,20068498,https://img.shinsegaetvshopping.com/goods/498/20068498_s_20251013112847.jpg,https://www.shinsegaetvshopping.com/display/detail/20068498,여성의류
2026-01-02,14:33~15:34,CATV,61,13,패션잡화,언더웨어,여성,팬티,삼각팬티,라페어,라페어 러스틱라이프 레이온 팬티 15종+피치기모팬츠 1종(랜덤),49900,49900,,20069302,https://img.shinsegaetvshopping.com/goods/302/20069302_s_20251029205606.jpg,https://www.shinsegaetvshopping.com/display/detail/20069302,언더웨어
2026-01-02,15:34~16:34,전체,60,62,가공식품,냉동식품,기타 냉동식품,기타 냉동식품,기타 냉동식품,조선호텔,조선호텔 닭갈비 300g X 7팩 (직),49900,49900,,20068014,https://img.shinsegaetvshopping.com/goods/014/20068014_s_20250401110627.jpg,https://www.shinsegaetvshopping.com/display/detail/20068014,일반식품
2026-01-02,16:34~17:34,IPTV,60,45,가공식품,즉석/편의식품,즉석/조리식품,즉석국/탕/찌개류,기타 즉석국/탕/찌개류,조선호텔,[방송에서만] 조선호텔 진한 한우도가니탕 1kg X 5팩(총 15인분),69900,69900,카드 5%,20067026,https://img.shinsegaetvshopping.com/goods/026/20067026_s_20250704131323.jpg,https://www.shinsegaetvshopping.com/display/detail/20067026,일반식품
2026-01-02,16:34~17:34,CATV,60,20,가공식품,건강식품,기타 건강식품,기타 건강식품,기타 건강식품,대원제약_알부민,[방송에서만 30병 더] 대원제약 알부민 킹 총 90병,168000,168000,카드 5%,20069082,https://img.shinsegaetvshopping.com/goods/082/20069082_l_20251015164840.jpg,https://www.shinsegaetvshopping.com/display/detail/20069082,건강식품
2026-01-02,17:34~18:35,전체,61,66,가공식품,냉동식품,냉동가공식품,냉동스테이크/떡갈비/섭산적,냉동갈비,조선호텔,조선호텔 양념 소갈비 수제 포갈비 600g X 6팩(3.6kg),149900,149900,카드 5%,20061088,https://img.shinsegaetvshopping.com/goods/088/20061088_s_20250401110541.jpg,https://www.shinsegaetvshopping.com/display/detail/20061088,일반식품
2026-01-02,18:35~19:35,전체,60,49,가공식품,건강식품,기타 건강식품,기타 건강식품,기타 건강식품,시나몬랩_프로틴프레츨,프로틴 프레첼 12봉(3가지맛*4봉),53100,53100,카드 5%,20070249,https://img.shinsegaetvshopping.com/goods/249/20070249_s_20251222162358.jpg,https://www.shinsegaetvshopping.com/display/detail/20070249,건강식품
2026-01-02,19:35~20:35,전체,60,75,패션,여성의류,하의,데님,스트레이트,블루핏,[25FW최신상] 블루핏 NEW 스트레이트핏 기모 데님 3종,89900,89900,카드 5%,20066931,https://img.shinsegaetvshopping.com/goods/931/20066931_l_20251028142540.jpg,https://www.shinsegaetvshopping.com/display/detail/20066931,PB
2026-01-02,20:35~21:36,IPTV,61,81,뷰티,기초화장품,기초케어,크림/젤,크림,닥터3,[단독! 방송에서만 이 가격!] 닥터3 리프테놀 크림 25ml X 6개,69900,69900,카드 5%,20069357,https://img.shinsegaetvshopping.com/goods/357/20069357_s_20251023113924.jpg,https://www.shinsegaetvshopping.com/display/detail/20069357,뷰티
2026-01-02,20:35~21:36,CATV,61,35,뷰티,색조화장품,포인트메이크업,마스카라,마스카라,닥터3,[단독! 본품최다!] 닥터3 블랙 펩타이드 세럼카라 6ml X 5개,59900,59900,카드 5%,20068310,https://img.shinsegaetvshopping.com/goods/310/20068310_s_20250912164657.png,https://www.shinsegaetvshopping.com/display/detail/20068310,뷰티
2026-01-02,21:36~22:36,전체,60,114,뷰티,기초화장품,기초케어,크림/젤,탄력크림,성분에디터,[특대용량패키지] 성분에디터 녹는실 아이크림 세트 (아이크림 50ml*7개),99900,99900,카드 5%,20069268,https://img.shinsegaetvshopping.com/goods/268/20069268_s_20251021152335.jpg,https://www.shinsegaetvshopping.com/display/detail/20069268,뷰티
2026-01-02,22:36~23:37,IPTV,61,51,패션,남성클래식,하의,정장팬츠,본딩,워모,워모 25FW 써모라이트 본딩 팬츠 3종,99000,99000,카드 5%,20068954,https://img.shinsegaetvshopping.com/goods/954/20068954_s_20251029160236.jpg,https://www.shinsegaetvshopping.com/display/detail/20068954,캐쥬얼남성
2026-01-02,22:36~23:37,CATV,61,22,패션,남성캐쥬얼,하의,캐쥬얼팬츠,본딩팬츠,CERINI BY PAT,CERINI by PAT 25FW 보아퍼 패딩팬츠3종,89900,89900,카드 5%,20070234,https://img.shinsegaetvshopping.com/goods/234/20070234_l_20251128100714.jpg,https://www.shinsegaetvshopping.com/display/detail/20070234,캐쥬얼남성
2026-01-02,23:37~00:37,전체,60,50,생활용품,의료기기,기구/기계,의료용자기발생기,의료용자기발생기,온바디,"[방송중에만/의료기기] 닥터벨트 에어핏! 국내제조, 식약처 인증 의료기기(추간판탈출증,퇴행성협착증,의료용자기발생기)",99000,99000,카드 5%,20070519,https://img.shinsegaetvshopping.com/goods/519/20070519_s_20251215144727.jpg,https://www.shinsegaetvshopping.com/display/detail/20070519,생활가전
2026-01-03,00:37~01:38,전체,61,38,패션잡화,신발,여성신발,부츠/워커,털부츠,베네통,"[런칭가89,000원 →3만원↓] 베네통 천연가죽 양털 부츠",59000,59000,카드 5%,20070275,https://img.shinsegaetvshopping.com/goods/275/20070275_s_20241115151841.jpg,https://www.shinsegaetvshopping.com/display/detail/20070275,잡화
2026-01-03,01:38~02:38,전체,60,1,뷰티,기초화장품,기초케어,크림/젤,크림,톤28,최현우 패키지] 톤 28 해남 병풀 새벽크림 50g x 6통 +  펩타시카 토너 250ml x 2통,168000,168000,카드 5%,20069720,https://img.shinsegaetvshopping.com/goods/720/20069720_s_20251106121255.jpg,https://www.shinsegaetvshopping.com/display/detail/20069720,뷰티
2026-01-03,02:38~03:39,전체,61,1,뷰티,색조화장품,포인트메이크업,마스카라,마스카라,닥터3,[단독! 방송에서만!] 닥터3 블랙 펩타이드 세럼카라 6ml X 4개  + 글로우 립밤 랜덤 1종,59900,59900,카드 5%,20067692,https://img.shinsegaetvshopping.com/goods/692/20067692_s_20250707113530.png,https://www.shinsegaetvshopping.com/display/detail/20067692,뷰티
2026-01-03,03:39~03:59,전체,20,1,가공식품,건강식품,천연건강식품,자연식품,기타 자연식품,미녀의레몬즙,[1일1레몬/최신통관] 미녀의 유기농 레몬즙 12박스 총168포 (20g*14포*12박스),198000,198000,카드 5%,20057460,https://img.shinsegaetvshopping.com/goods/460/20057460_s_20240708103655.jpg,https://www.shinsegaetvshopping.com/display/detail/20057460,건강식품
2026-01-03,03:59~04:19,전체,20,1,가공식품,건강식품,천연건강식품,자연식품,기타 자연식품,김소형,김소형원방 120시간달인 도라지고 스틱 10gX10포X10박스(총 100포),198000,198000,카드 5%,20064365,https://img.shinsegaetvshopping.com/goods/365/20064365_s_20250709112510.jpg,https://www.shinsegaetvshopping.com/display/detail/20064365,건강식품
2026-01-03,04:19~05:20,전체,61,1,뷰티,색조화장품,베이스메이크업,쿠션/팩트/파우더,쿠션팩트,이자녹스,[방송]최신상 이자녹스 듀얼커버 쿠션 (본품2+리필2+퍼프3) ⓝ,39000,39000,,20070622,https://img.shinsegaetvshopping.com/goods/622/20070622_s_20251027135731.jpg,https://www.shinsegaetvshopping.com/display/detail/20070622,뷰티
2026-01-03,05:20~06:20,전체,60,49,가공식품,건강식품,기타 건강식품,기타 건강식품,기타 건강식품,HLB제약 알부민,"(방송에서만)[3박스]HLB제약 알부민 인텐시브 골드 329(30병 X 3박스, 총 90병)",169000,169000,카드 5%,20069257,https://img.shinsegaetvshopping.com/goods/257/20069257_s_20251028164602.jpg,https://www.shinsegaetvshopping.com/display/detail/20069257,건강식품
2026-01-03,06:20~07:20,전체,60,81,생활용품,위생용품,구강위생용품,구강세척기,기타 구강세척기,파나소닉,[방송에서만 이구성이가격] 파나소닉 제트워셔 NEW포터블 무선 구강세정기 1+1SET(DJ11),129000,129000,카드 5%,20039329,https://img.shinsegaetvshopping.com/goods/329/20039329_s_20230919170047.jpg,https://www.shinsegaetvshopping.com/display/detail/20039329,생활용품
2026-01-03,07:20~08:21,전체,61,118,가공식품,건강식품,건강기능식품,건강기능식품,유산균,데이즈온_오한진프리,(방송에서만 50％세일) 데이즈온 원데이올인원 프리바이오틱스 유산균 12개월분 + 10일 무료체험,189000,189000,카드 5%,20067106,https://img.shinsegaetvshopping.com/goods/106/20067106_s_20250429113927.jpg,https://www.shinsegaetvshopping.com/display/detail/20067106,건강식품
2026-01-03,08:21~09:21,전체,60,119,가공식품,건강식품,기타 건강식품,기타 건강식품,기타 건강식품,리즐온,"(방송에서만 60병 더!) 이선민 알부민 골드 2+2, 총 4박스 (총 120병)",258000,258000,카드 5%,20070221,https://img.shinsegaetvshopping.com/goods/221/20070221_l_20251128165655.jpg,https://www.shinsegaetvshopping.com/display/detail/20070221,건강식품
2026-01-03,09:21~11:22,전체,121,179,가공식품,건강식품,천연건강식품,선식,기타 선식,골드카무트,[방송중 반값세일/12개월] 골드 카무트 효소 30포 x 12박스 + 파로 5봉,198000,198000,,20061600,https://img.shinsegaetvshopping.com/goods/600/20061600_s_20260105143644.jpg,https://www.shinsegaetvshopping.com/display/detail/20061600,건강식품
2026-01-03,11:22~12:23,전체,61,94,패션,여성의류,하의,팬츠,정장팬츠/슬랙스,모브온,모브온 25FW 기모 짱짱 팬츠 3종 (25년 최신상!),79900,79900,카드 5%,20068956,https://img.shinsegaetvshopping.com/goods/956/20068956_s_20251028132636.jpg,https://www.shinsegaetvshopping.com/display/detail/20068956,여성의류
2026-01-03,12:23~13:43,전체,80,122,가전/디지털,생활가전,청소기,진공 청소기,무선 진공청소기,보랄,(방송에서만!) 최신! 보랄 초경량 슬림 무선 청소기 (BR-S300VC),149000,149000,카드 5%,20067565,https://img.shinsegaetvshopping.com/goods/565/20067565_s_20250808095714.jpg,https://www.shinsegaetvshopping.com/display/detail/20067565,생활가전
2026-01-03,13:43~14:43,전체,60,68,뷰티,기초화장품,기초케어,크림/젤,크림,센텔리안24,[최대용량] NEW 동국제약 마데카 크림 타이트 리프팅 (크림 50ml*10+여행용5매키트),89910,89910,카드 5%,20070763,https://img.shinsegaetvshopping.com/goods/763/20070763_s_20251230153346.jpg,https://www.shinsegaetvshopping.com/display/detail/20070763,뷰티
2026-01-03,14:43~16:04,전체,81,121,패션,레포츠용품,스포츠슈즈,베이직스포츠,방한화,PONY,여성 포니 (PONY) 천연소가죽 방한부츠,59000,59000,카드 5%,20070212,https://img.shinsegaetvshopping.com/goods/212/20070212_s_20251130173450.jpg,https://www.shinsegaetvshopping.com/display/detail/20070212,레포츠
2026-01-03,16:04~17:24,전체,80,130,가공식품,냉동식품,냉동가공식품,냉동스테이크/떡갈비/섭산적,냉동갈비,조선호텔,조선호텔 양념 LA갈비 400g X 8팩,119900,119900,카드 5%,20060824,https://img.shinsegaetvshopping.com/goods/824/20060824_s_20250401104842.jpg,https://www.shinsegaetvshopping.com/display/detail/20060824,일반식품
2026-01-03,17:24~18:24,IPTV,60,55,무형서비스,여행/예약서비스,여행(상담),국내,국내,허니제주여행사,"[*허니제주]제주도 3박4일, 차귀도/낭만카페,항공+호텔3박+식사7회 199천원 부터",0,0,,20070530,https://img.shinsegaetvshopping.com/goods/530/20070530_l_20251224113326.jpg,https://www.shinsegaetvshopping.com/display/detail/20070530,여행
2026-01-03,17:24~18:24,CATV,60,24,생활용품,세탁용품,세탁세제류,일반세탁세제,세탁세제,퍼실,[방송](단독) 퍼실 New 딥클린 파워 라벤더 2.2L x 4개 + 1.5L x 4팩 + 프릴 1L + 퍼울 1.7L + 미니쇼핑카트 1개 (일반&드럼 겸용),83900,83900,카드 5%,20068550,https://img.shinsegaetvshopping.com/goods/550/20068550_s_20260109143530.jpg,https://www.shinsegaetvshopping.com/display/detail/20068550,생활용품
2026-01-03,18:24~19:25,IPTV,61,59,신선식품,농산물,채소류,고구마,호박고구마,자연마루,안면도 호박고구마 4kg * 2박스 (개당 100-300g내외) / 총 8kg,29900,29900,,20069505,https://img.shinsegaetvshopping.com/goods/505/20069505_s_20251222145230.jpg,https://www.shinsegaetvshopping.com/display/detail/20069505,일반식품
2026-01-03,18:24~19:25,CATV,61,26,가공식품,건강식품,기타 건강식품,기타 건강식품,기타 건강식품,대원제약_알부민,[방송에서만 30병 더] 대원제약 알부민 킹 총 90병,168000,168000,카드 5%,20069082,https://img.shinsegaetvshopping.com/goods/082/20069082_l_20251015164840.jpg,https://www.shinsegaetvshopping.com/display/detail/20069082,건강식품
2026-01-03,19:25~20:25,전체,60,118,패션,레포츠의류,골프의류,아우터,다운/패딩,힐크릭,힐크릭 여성 사가폭스 얼라이드 헤비 구스 다운,329000,329000,카드 5%,20069532,https://img.shinsegaetvshopping.com/goods/532/20069532_s_20251029170822.jpg,https://www.shinsegaetvshopping.com/display/detail/20069532,레포츠
2026-01-03,20:25~21:25,IPTV,60,87,무형서비스,여행/예약서비스,여행(상담),해외(동아시아),해외(동아시아),한진관광,[여행의신세계]한진관광 요나고 소도시 4일! 항공/식사/호텔/관광/No옵션!,0,0,,20070529,https://img.shinsegaetvshopping.com/goods/529/20070529_l_20251229113810.jpg,https://www.shinsegaetvshopping.com/display/detail/20070529,여행
2026-01-03,20:25~21:25,CATV,60,38,스포츠/레저,골프,골프의류,바지,골프바지,밀레골프,25FW] 밀레골프 남성  패딩팬츠  2종세트,99000,99000,카드 5%,20070083,https://img.shinsegaetvshopping.com/goods/083/20070083_l_20251120164535.jpg,https://www.shinsegaetvshopping.com/display/detail/20070083,레포츠
2026-01-03,21:25~22:26,전체,61,129,패션,유니섹스,아우터,점퍼,집업점퍼,카파,25FW] 로베디카파 웰론 패딩 1종 (선기획 초특가),59900,59900,카드 5%,20070644,https://img.shinsegaetvshopping.com/goods/644/20070644_l_20251203155416.jpg,https://www.shinsegaetvshopping.com/display/detail/20070644,캐쥬얼남성
2026-01-03,22:26~23:26,전체,60,108,뷰티,색조화장품,포인트메이크업,립메이크업,립스틱,철벽녀,[방송에서만]뷰티피플 철벽녀 오브제볼류머 립스틱 패키지 (5가지 컬러+트위드파우치),69900,69900,카드 5%,20070029,https://img.shinsegaetvshopping.com/goods/029/20070029_s_20251118142209.jpg,https://www.shinsegaetvshopping.com/display/detail/20070029,뷰티
2026-01-03,23:26~00:27,전체,61,54,생활용품,생활용품,생활잡화류,옷걸이/벽걸이,기타 옷걸이/벽걸이,이즈미,[판매1등] 이즈미 프리미엄 보풀 제거기 IKL-810,84000,84000,카드 5%,20069574,https://img.shinsegaetvshopping.com/goods/574/20069574_s_20201106150257.jpg,https://www.shinsegaetvshopping.com/display/detail/20069574,생활용품
2026-01-04,00:27~01:27,전체,60,29,뷰티,색조화장품,베이스메이크업,쿠션/팩트/파우더,에센스팩트,닥터3,[단독] 닥터3 로즈 버건디 팩트 (본품10g*2개 + 리필10g*3개 + 글로우 립밤 3.5g*1개),58900,58900,카드 5%,20069106,https://img.shinsegaetvshopping.com/goods/106/20069106_s_20251104095542.jpg,https://www.shinsegaetvshopping.com/display/detail/20069106,뷰티
2026-01-04,01:27~01:38,전체,11,1,가공식품,조미료,장류,낫토,식사용낫토,참좋은콩,맑은물에 김석원 낫또 45.5g x 34개,32900,32900,,10193559,https://img.shinsegaetvshopping.com/goods/559/10193559_s_20200429132104.jpg,https://www.shinsegaetvshopping.com/display/detail/10193559,일반식품
2026-01-04,01:38~02:38,전체,60,1,뷰티,색조화장품,포인트메이크업,립메이크업,립스틱,철벽녀,[방송]뷰티피플 철벽녀 오브제볼류머 립스틱 패키지 (5가지 컬러+트위드파우치)ⓝ,69900,69900,카드 5%,20070500,https://img.shinsegaetvshopping.com/goods/500/20070500_s_20251118142209.jpg,https://www.shinsegaetvshopping.com/display/detail/20070500,뷰티
2026-01-04,02:38~03:39,전체,61,1,패션잡화,언더웨어,여성,내복,세트,여유,여유(yeoyoo) 모달 웜기모 동내의 2세트(여성),39900,39900,,20068821,https://img.shinsegaetvshopping.com/goods/821/20068821_s_20251219091312.jpg,https://www.shinsegaetvshopping.com/display/detail/20068821,PB
2026-01-04,03:39~03:59,전체,20,1,가공식품,건강식품,천연건강식품,선식,기타 선식,골드카무트,[상시/10개월] 골드 카무트 효소 30포 x 10박스,350000,350000,카드 5%,20069222,https://img.shinsegaetvshopping.com/goods/222/20069222_s_20251030114524.jpg,https://www.shinsegaetvshopping.com/display/detail/20069222,건강식품
2026-01-04,03:59~04:19,전체,20,1,가공식품,건강식품,천연건강식품,선식,기타 선식,골드카무트,[상시/12개월] 골드 카무트 효소 30포 x 12박스,396000,396000,카드 5%,20061589,https://img.shinsegaetvshopping.com/goods/589/20061589_s_20251121110822.jpg,https://www.shinsegaetvshopping.com/display/detail/20061589,건강식품
2026-01-04,04:19~05:20,전체,61,1,가공식품,건강식품,천연건강식품,자연식품,기타 자연식품,미녀의석류콜라겐,[유지인pick] 미녀의 콜라겐 양태반 360포 (2.5g x 30포 x 12Box)(직),99000,99000,,20064902,https://img.shinsegaetvshopping.com/goods/902/20064902_s_20231005142020.jpg,https://www.shinsegaetvshopping.com/display/detail/20064902,건강식품
2026-01-04,05:20~06:20,전체,60,51,패션,레포츠의류,골프의류,하의,팬츠,슈페리어,슈페리어 25FW 남성 패딩 하이브리드 팬츠 2종,109000,109000,카드 5%,20069847,https://img.shinsegaetvshopping.com/goods/847/20069847_s_20251111164443.jpg,https://www.shinsegaetvshopping.com/display/detail/20069847,레포츠
2026-01-04,06:20~07:20,전체,60,85,가공식품,건강식품,기타 건강식품,기타 건강식품,기타 건강식품,비어랩,(방송에서만 30％ 세일) 비어랩 맥주효모 비오틴 플러스 18박스 (36주분),179200,179200,카드 5%,20068792,https://img.shinsegaetvshopping.com/goods/792/20068792_l_20250929161605.jpg,https://www.shinsegaetvshopping.com/display/detail/20068792,건강식품
2026-01-04,07:20~08:21,전체,61,122,뷰티,기초화장품,기초케어,크림/젤,크림,마미케어,[최대용량찬스] 마미케어 율무영양크림 기본세트 (크림 50g*4개+상품평 시 15g),59900,59900,카드 5%,20068484,https://img.shinsegaetvshopping.com/goods/484/20068484_s_20251125152604.jpg,https://www.shinsegaetvshopping.com/display/detail/20068484,뷰티
2026-01-04,08:21~09:21,전체,60,122,패션,레포츠의류,골프의류,아우터,다운/패딩,힐크릭,힐크릭 여성 사가폭스 얼라이드 헤비 구스 다운,329000,329000,카드 5%,20069532,https://img.shinsegaetvshopping.com/goods/532/20069532_s_20251029170822.jpg,https://www.shinsegaetvshopping.com/display/detail/20069532,레포츠
2026-01-04,09:21~10:21,전체,60,121,가공식품,건강식품,건강기능식품,건강기능식품,콜라겐,에버콜라겐_인앤업,(방송에서만 구미콜라겐 6봉 더!)[76주분]에버콜라겐 레티놀A (56정X19병)[1],599000,599000,카드 5%,20069269,https://img.shinsegaetvshopping.com/goods/269/20069269_s_20251021151001.jpg,https://www.shinsegaetvshopping.com/display/detail/20069269,건강식품
2026-01-04,10:21~11:22,전체,61,120,뷰티,색조화장품,베이스메이크업,쿠션/팩트/파우더,쿠션팩트,도미나스,방송에서만) 태극제약 도미나스 트라넥삼산 기미쿠션 시즌2  본품2 + 리필4 (총 6개용량)+ 아이크림 1개,89000,89000,,20068386,https://img.shinsegaetvshopping.com/goods/386/20068386_s_20250922122614.jpg,https://www.shinsegaetvshopping.com/display/detail/20068386,뷰티
2026-01-04,11:22~12:22,전체,60,97,뷰티,기초화장품,기초케어,크림/젤,크림,닥터3,[단독! 방송에서만 이 가격!] 닥터3 리프테놀 크림 25ml X 6개,69900,69900,카드 5%,20069357,https://img.shinsegaetvshopping.com/goods/357/20069357_s_20251023113924.jpg,https://www.shinsegaetvshopping.com/display/detail/20069357,뷰티
2026-01-04,12:22~13:22,전체,60,90,가공식품,축산가공식품,조미육가공,떡갈비,한우떡갈비,최현석 셰프,[방송에서만] 최현석 횡성축협한우 한돈한우 직화스테이크 160g*21팩(총 42장) [직],59900,59900,카드 5%,20070090,https://img.shinsegaetvshopping.com/goods/090/20070090_s_20250826133348.jpg,https://www.shinsegaetvshopping.com/display/detail/20070090,일반식품
2026-01-04,13:22~14:23,전체,61,96,패션,여성의류,아우터,점퍼,다운/패딩,지베르니,25FW 최신상 ! 지베르니 리버시블 퍼패딩 점퍼,39900,39900,,20070461,https://img.shinsegaetvshopping.com/goods/461/20070461_l_20251229134933.jpg,https://www.shinsegaetvshopping.com/display/detail/20070461,여성의류
2026-01-04,14:23~15:23,전체,60,94,패션,여성의류,상의,니트,긴팔,브이컷,"[런칭가59,900원→1만원↓]브이컷 매직텐션 홀가먼트 니트 3종",49900,49900,,20067323,https://img.shinsegaetvshopping.com/goods/323/20067323_s_20251125160950.jpg,https://www.shinsegaetvshopping.com/display/detail/20067323,여성의류
2026-01-04,15:23~16:23,전체,60,95,뷰티,색조화장품,포인트메이크업,립메이크업,립틴트,밀크터치,*영뷰티패키지* 밀크터치 블랙 립타투 세트 (색상별 본품5+립글로우),69900,69900,카드 5%,20070326,https://img.shinsegaetvshopping.com/goods/326/20070326_s_20251203171234.jpg,https://www.shinsegaetvshopping.com/display/detail/20070326,뷰티
2026-01-04,16:23~17:24,전체,61,101,패션,여성의류,하의,팬츠,캐주얼팬츠,펠틱스,25FW 펠틱스 웜플렉스  패딩 기모 팬츠 3종 여성,49900,49900,,20069388,https://img.shinsegaetvshopping.com/goods/388/20069388_l_20251029081859.jpg,https://www.shinsegaetvshopping.com/display/detail/20069388,여성의류
2026-01-04,17:24~18:24,IPTV,60,60,가전/디지털,생활가전,이미용가전,면도기/제모기,남성용 면도기,필립스코리아,[반값 SALE] 필립스 이지프로 전기면도기 S2883/00,105000,105000,카드 5%,20067280,https://img.shinsegaetvshopping.com/goods/280/20067280_l_20250801155210.jpg,https://www.shinsegaetvshopping.com/display/detail/20067280,생활가전
2026-01-04,17:24~18:24,CATV,60,26,가구/인테리어,침구세트,이불베개세트,킹이불패드세트,킹이불패드세트,더플레오,더플레오 코지 니트극세사 베딩세트 (SK),69900,69900,카드 5%,20069130,https://img.shinsegaetvshopping.com/goods/130/20069130_s_20231107095421.jpg,https://www.shinsegaetvshopping.com/display/detail/20069130,침구
2026-01-04,18:24~19:24,전체,60,95,패션,여성의류,하의,팬츠,캐주얼팬츠,라이프먼츠,25FW 라이프먼츠 여성 웨이스트프리 씬패딩 팬츠 3종,79800,79800,카드 5%,20069560,https://img.shinsegaetvshopping.com/goods/560/20069560_s_20251103110401.jpg,https://www.shinsegaetvshopping.com/display/detail/20069560,여성의류
2026-01-04,19:24~20:25,전체,61,126,무형서비스,여행/예약서비스,여행(상담),해외(동남아시아),해외(동남아시아),여기어때컴퍼니,[여행의신세계]여기어때 세부vs보홀 특집전,0,0,,20070512,https://img.shinsegaetvshopping.com/goods/512/20070512_l_20251223145013.jpg,https://www.shinsegaetvshopping.com/display/detail/20070512,여행
2026-01-04,20:25~21:25,전체,60,101,뷰티,기초화장품,마스크/팩,마스크,겔마스크팩,리브이셀,[조윤주 패키지][35회 관리] 리브이셀 콜라겐 투명 랩핑 마스크 30g x 총 35매 (총 7박스) 최저가 패키지,139000,139000,카드 5%,20058024,https://img.shinsegaetvshopping.com/goods/024/20058024_s_20240801093621.jpg,https://www.shinsegaetvshopping.com/display/detail/20058024,뷰티
2026-01-04,21:25~22:26,IPTV,61,73,무형서비스,여행/예약서비스,여행(상담),해외(동아시아),해외(동아시아),,[여행의신세계]교원투어 홍콩 마카오 4일 아시아나항공 3대특식 699천원부터,0,0,,20070406,https://img.shinsegaetvshopping.com/goods/406/20070406_l_20251222105451.jpg,https://www.shinsegaetvshopping.com/display/detail/20070406,여행
2026-01-04,21:25~22:26,CATV,61,32,패션,레포츠의류,스포츠의류,하의,팬츠,엘르스포츠,25FW] 엘르스포츠 남성 보아퍼 방풍팬츠 3종세트,89900,89900,카드 5%,20069088,https://img.shinsegaetvshopping.com/goods/088/20069088_l_20251022151312.jpg,https://www.shinsegaetvshopping.com/display/detail/20069088,레포츠
2026-01-04,22:26~23:26,전체,60,89,패션,여성의류,아우터,가디건,라운드,블루핏,"[론칭가69,000원→2만원↓] 블루핏 알파카 혼방 배색 가디건",49000,49000,,20066554,https://img.shinsegaetvshopping.com/goods/554/20066554_l_20250806134217.jpg,https://www.shinsegaetvshopping.com/display/detail/20066554,PB
2026-01-04,23:26~00:27,전체,61,66,뷰티,색조화장품,포인트메이크업,마스카라,마스카라,닥터3,[단독! 본품최다!] 닥터3 블랙 펩타이드 세럼카라 6ml X 5개,59900,59900,카드 5%,20068310,https://img.shinsegaetvshopping.com/goods/310/20068310_s_20250912164657.png,https://www.shinsegaetvshopping.com/display/detail/20068310,뷰티
2026-01-05,00:27~00:37,전체,10,5,가공식품,빵류/떡류,빵류,기타 빵류,완두앙금빵,보리담은,"보리담은 아이스 찰보리빵 총100개, 오리지널 60개 + 쑥아이스 20개 + 유자아이스20개(개당28g)",39900,39900,,20066544,https://img.shinsegaetvshopping.com/goods/544/20066544_s_20250604102346.jpg,https://www.shinsegaetvshopping.com/display/detail/20066544,일반식품
2026-01-05,00:37~02:38,전체,121,60,가공식품,건강식품,기타 건강식품,기타 건강식품,기타 건강식품,닥터루템,[방송중+3박스] 닥터루템 이시형 박사의 알부민 플래티넘 3박스+3박스 / 총 6박스 180병,369000,369000,카드 5%,20070121,https://img.shinsegaetvshopping.com/goods/121/20070121_s_20251125133026.png,https://www.shinsegaetvshopping.com/display/detail/20070121,건강식품
2026-01-05,02:38~03:39,전체,61,1,패션,여성의류,아우터,코트,롱코트,엘라코닉,"[런칭가299,000원→10만원 인하] 엘라코닉  캐시미어울 핸드메이드 롱 코트",199000,199000,카드 5%,20067523,https://img.shinsegaetvshopping.com/goods/523/20067523_l_20251123074811.jpg,https://www.shinsegaetvshopping.com/display/detail/20067523,PB
2026-01-05,03:39~03:59,전체,20,1,가구/인테리어,침구단품,베개/베개커버/베개솜,베개,메모리폼,가누다,(방송에서만) 가누다 블루라벨 피아노 베개 세트 (베개2개+머리냅+추가 애쉬네이비 겉커버 2장),288000,288000,,20068032,https://img.shinsegaetvshopping.com/goods/032/20068032_s_20230310133622.jpg,https://www.shinsegaetvshopping.com/display/detail/20068032,침구
2026-01-05,03:59~04:19,전체,20,1,가공식품,건강식품,천연건강식품,자연식품,기타 자연식품,미녀의석류콜라겐,미녀의 석류 콜라겐 200포 (25g x 25포 x 8Box)(직2),241000,241000,,20062613,https://img.shinsegaetvshopping.com/goods/613/20062613_l_20240221143952.jpg,https://www.shinsegaetvshopping.com/display/detail/20062613,건강식품
2026-01-05,04:19~04:30,전체,11,1,가공식품,조미료,장류,낫토,식사용낫토,참좋은콩,맑은물에 김석원 낫또 45.5g x 34개,32900,32900,,10193559,https://img.shinsegaetvshopping.com/goods/559/10193559_s_20200429132104.jpg,https://www.shinsegaetvshopping.com/display/detail/10193559,일반식품
2026-01-05,04:30~05:30,전체,60,1,패션잡화,언더웨어,여성,내복,세트,여유,여유(yeoyoo) 모달 웜기모 동내의 2세트(여성),39900,39900,,20068821,https://img.shinsegaetvshopping.com/goods/821/20068821_s_20251219091312.jpg,https://www.shinsegaetvshopping.com/display/detail/20068821,PB
2026-01-05,05:30~06:30,전체,60,36,가공식품,건강식품,천연건강식품,자연식품,기타 자연식품,홀베리,(방송에서만 반값세일!)[까주스/8박스]홀베리 아침엔 클렌즈 유기농 CCA주스 8박스 (총 112포),99500,99500,카드 5%,20063845,https://img.shinsegaetvshopping.com/goods/845/20063845_s_20250626153133.jpg,https://www.shinsegaetvshopping.com/display/detail/20063845,건강식품
2026-01-05,06:30~07:31,전체,61,67,가공식품,건강식품,기타 건강식품,기타 건강식품,기타 건강식품,올리브올라이브,(방송에서만)[8+7박스]올리브 올라이브 유기농 엑스트라버진 올리브오일(스페인 아르베키나 품종)(1),198000,198000,카드 5%,20068841,https://img.shinsegaetvshopping.com/goods/841/20068841_s_20251004001729.jpg,https://www.shinsegaetvshopping.com/display/detail/20068841,건강식품
2026-01-05,07:31~08:31,전체,60,50,뷰티,기초화장품,마스크/팩,패치/코팩,기타 패치,블랑로더,정서경 패키지)[60회분] 블랑로더 파워 리프팅팩 패키지 (턱 50매+얼굴 10매),98000,98000,카드 5%,20070765,https://img.shinsegaetvshopping.com/goods/765/20070765_s_20260102091453.jpg,https://www.shinsegaetvshopping.com/display/detail/20070765,뷰티
2026-01-05,08:31~09:32,전체,61,76,뷰티,기초화장품,기초케어,크림/젤,크림,클랍,[최현우구성] 클랍 A클래식 크림 최현우 패키지 (A클래식크림 50ml 4단지+아이크림15ml 1단지),169000,169000,카드 5%,20070012,https://img.shinsegaetvshopping.com/goods/012/20070012_s_20251118141803.jpg,https://www.shinsegaetvshopping.com/display/detail/20070012,뷰티
2026-01-05,09:32~10:32,전체,60,69,뷰티,기초화장품,마스크/팩,마스크,겔마스크팩,리브이셀,[조윤주 패키지][35회 관리] 리브이셀 콜라겐 투명 랩핑 마스크 30g x 총 35매 (총 7박스) 최저가 패키지,139000,139000,카드 5%,20058024,https://img.shinsegaetvshopping.com/goods/024/20058024_s_20240801093621.jpg,https://www.shinsegaetvshopping.com/display/detail/20058024,뷰티
2026-01-05,10:32~11:32,전체,60,64,생활용품,위생용품,구강위생용품,구강세척기,기타 구강세척기,파나소닉,[방송에서만 이구성이가격] 파나소닉 제트워셔 NEW포터블 무선 구강세정기 1+1SET(DJ11),129000,129000,카드 5%,20039329,https://img.shinsegaetvshopping.com/goods/329/20039329_s_20230919170047.jpg,https://www.shinsegaetvshopping.com/display/detail/20039329,생활용품
2026-01-05,11:32~12:33,전체,61,43,뷰티,기초화장품,마스크/팩,특수팩,석고팩,약손명가,[완벽더블] 약손명가 작은얼굴관리 석고 마스크팩 세트 (40매+방송에서만 5회분 더),138000,138000,,20068848,https://img.shinsegaetvshopping.com/goods/848/20068848_l_20250930200645.jpg,https://www.shinsegaetvshopping.com/display/detail/20068848,뷰티
2026-01-05,12:33~13:33,전체,60,41,패션,여성의류,상의,니트,긴팔,엘라코닉,[25FW] 엘라코닉 트리니티 캐시미어100 니트,119000,119000,카드 5%,20067519,https://img.shinsegaetvshopping.com/goods/519/20067519_l_20251121123901.jpg,https://www.shinsegaetvshopping.com/display/detail/20067519,PB
2026-01-05,13:33~14:33,전체,60,53,뷰티,이미용기기,헤어기기,헤어스타일러,볼륨고데기,타프,[TAF] 타프 헤어 무선 고데기 + 단백질 샴푸 300ml 패키지,99000,99000,카드 5%,20070325,https://img.shinsegaetvshopping.com/goods/325/20070325_s_20251203130547.jpg,https://www.shinsegaetvshopping.com/display/detail/20070325,뷰티
2026-01-05,14:33~15:34,전체,61,56,가구/인테리어,침구단품,베개/베개커버/베개솜,베개커버,베개커버,메종노아,"(새해,숙면기원!)메종노아 순수면 100 경추편한 베개 패밀리 세트 (4개)",69900,69900,카드 5%,20063921,https://img.shinsegaetvshopping.com/goods/921/20063921_l_20250331132413.jpg,https://www.shinsegaetvshopping.com/display/detail/20063921,침구
2026-01-05,15:34~16:34,전체,60,61,뷰티,기초화장품,기초케어,크림/젤,크림,센텔리안24,[최대용량] NEW 동국제약 마데카 크림 타이트 리프팅 (크림 50ml*10+여행용5매키트),89910,89910,카드 5%,20070763,https://img.shinsegaetvshopping.com/goods/763/20070763_s_20251230153346.jpg,https://www.shinsegaetvshopping.com/display/detail/20070763,뷰티
2026-01-05,16:34~17:34,전체,60,61,신선식품,수산물,생선,기타 생선,삼치,아임피쉬,"(빠른배송)가시바른 순살 볼락 500g X 5팩(개당 100g), 총 2.5kg (25개)",59900,59900,,20070105,https://img.shinsegaetvshopping.com/goods/105/20070105_s_20250627092913.jpg,https://www.shinsegaetvshopping.com/display/detail/20070105,일반식품
2026-01-05,17:34~18:35,전체,61,62,패션,레포츠용품,스포츠슈즈,베이직스포츠,방한화,헤드,헤드 남성 신슐레이트 패딩 슬립온 (패딩방한화),89000,89000,카드 5%,20070211,https://img.shinsegaetvshopping.com/goods/211/20070211_s_20251130173442.jpg,https://www.shinsegaetvshopping.com/display/detail/20070211,레포츠
2026-01-05,18:35~19:35,전체,60,64,신선식품,농산물,과일류,체리,체리,PSK,"[맛보증]칠레산 생체리 2kg, 1박스(개당 26-28mm)",34110,34110,,20070737,https://img.shinsegaetvshopping.com/goods/737/20070737_s_20210105160537.jpg,https://www.shinsegaetvshopping.com/display/detail/20070737,일반식품
2026-01-05,19:35~20:35,전체,60,91,뷰티,색조화장품,포인트메이크업,립메이크업,립스틱,틴톤,★2026 NEW★ 틴톤 꽃 립스틱 총 4개 + 크리스탈 립스틱 + 아가타 체인백 초특가 패키지,62910,62910,카드 5%,20070245,https://img.shinsegaetvshopping.com/goods/245/20070245_s_20251201091843.jpg,https://www.shinsegaetvshopping.com/display/detail/20070245,뷰티
2026-01-05,20:35~22:36,전체,121,225,가공식품,건강식품,기타 건강식품,기타 건강식품,기타 건강식품,닥터루템,[방송중+3박스] 닥터루템 이시형 박사의 알부민 플래티넘 3박스+3박스 / 총 6박스 180병,369000,369000,카드 5%,20070121,https://img.shinsegaetvshopping.com/goods/121/20070121_s_20251125133026.png,https://www.shinsegaetvshopping.com/display/detail/20070121,건강식품
2026-01-05,22:36~23:37,전체,61,84,패션,남성캐쥬얼,상의,니트,긴팔,기라로쉬,기라로쉬 25FW 울 100 니트 2종,99000,99000,카드 5%,20068775,https://img.shinsegaetvshopping.com/goods/775/20068775_l_20251015152534.jpg,https://www.shinsegaetvshopping.com/display/detail/20068775,캐쥬얼남성
2026-01-05,23:37~00:37,전체,60,61,가공식품,건강식품,기타 건강식품,기타 건강식품,기타 건강식품,뉴케어_당플랜,(방송에서만) 뉴케어 당플랜 코어 144팩 + 당플랜 안심바 36개,263000,263000,카드 5%,20068473,https://img.shinsegaetvshopping.com/goods/473/20068473_s_20250825150425.jpg,https://www.shinsegaetvshopping.com/display/detail/20068473,건강식품
2026-01-06,00:37~01:58,전체,81,30,가공식품,건강식품,건강기능식품,건강기능식품,기타 건강기능식품,콘드로이친1200,"(방송에서만)[12박스]주영엔에스 관절엔 콘드로이친 1200(60정X12박스,총 12개월분)",648000,648000,카드 5%,20052137,https://img.shinsegaetvshopping.com/goods/137/20052137_s_20250123133958.jpg,https://www.shinsegaetvshopping.com/display/detail/20052137,건강식품
2026-01-06,01:58~02:38,전체,40,1,생활용품,위생용품,구강위생용품,구강세척기,기타 구강세척기,파나소닉,[방송에서만 이구성이가격] 파나소닉 제트워셔 NEW포터블 무선 구강세정기 1+1SET(DJ11),129000,129000,카드 5%,20040185,https://img.shinsegaetvshopping.com/goods/185/20040185_s_20230922170935.jpg,https://www.shinsegaetvshopping.com/display/detail/20040185,생활용품
2026-01-06,02:38~03:39,전체,61,1,패션,남성캐쥬얼,하의,캐쥬얼팬츠,캐쥬얼팬츠,신세계맨즈컬렉션,[25FW NEW]신세계맨즈컬렉션 캐시미어울 팬츠 2SET,109000,109000,카드 5%,20068740,https://img.shinsegaetvshopping.com/goods/740/20068740_l_20251002153637.jpg,https://www.shinsegaetvshopping.com/display/detail/20068740,캐쥬얼남성
2026-01-06,03:39~04:09,전체,30,0,패션,여성의류,하의,팬츠,캐주얼팬츠,에디션S,에디션S 텐션 밴딩 팬츠3종,79000,79000,카드 5%,20066307,https://img.shinsegaetvshopping.com/goods/307/20066307_l_20250908113941.jpg,https://www.shinsegaetvshopping.com/display/detail/20066307,PB
2026-01-06,04:09~04:19,전체,10,1,가공식품,즉석/편의식품,즉석/조리식품,즉석국/탕/찌개류,기타 즉석국/탕/찌개류,하동관,하동관 한우암소곰탕 600g x 6팩,59900,59900,카드 5%,20067023,https://img.shinsegaetvshopping.com/goods/023/20067023_s_20250808152505.jpg,https://www.shinsegaetvshopping.com/display/detail/20067023,일반식품
2026-01-06,04:19~04:30,전체,11,1,신선식품,수산물,해산물/어패류,오징어,기타 오징어,참바다,손질 통 갑오징어 600g(4-5마리) * 3팩 + 만능볶음소스 50g * 5팩,49900,49900,,20067487,https://img.shinsegaetvshopping.com/goods/487/20067487_s_20250820161240.jpg,https://www.shinsegaetvshopping.com/display/detail/20067487,일반식품
2026-01-06,04:30~05:30,전체,60,1,패션,여성의류,특종,모피코트,풀스킨,엘페by진도,25FW  진도 엘페 휘메일 풀스킨 밍크 후드 재킷  - 블랙(EJ15),1690000,1690000,카드 5%,20069090,https://img.shinsegaetvshopping.com/goods/090/20069090_l_20251016094152.jpg,https://www.shinsegaetvshopping.com/display/detail/20069090,여성의류
2026-01-06,05:30~06:30,IPTV,60,27,패션,레포츠의류,스포츠의류,아우터,다운/패딩,르까프,25FW] 르까프 남성 데일리 퀼팅패딩재킷 2종세트,59000,59000,카드 5%,20069385,https://img.shinsegaetvshopping.com/goods/385/20069385_s_20251024154641.jpg,https://www.shinsegaetvshopping.com/display/detail/20069385,레포츠
2026-01-06,05:30~06:30,CATV,60,12,패션잡화,언더웨어,여성,팬티,위생팬티,오렐리안,(1+1)오렐리안 데일리 크레오라 안심팬티 4종+4종,68900,68900,카드 5%,20070353,https://img.shinsegaetvshopping.com/goods/353/20070353_s_20251205130919.jpg,https://www.shinsegaetvshopping.com/display/detail/20070353,언더웨어
2026-01-06,06:30~07:31,전체,61,71,가공식품,건강식품,기타 건강식품,기타 건강식품,기타 건강식품,팔레오_산양유,w6통 [12/29-1/17 반값세일]  팔레오 근력강화 프로틴 plus 마그네슘 6통 +보틀1 +스푼1,126000,126000,카드 5%,20070680,https://img.shinsegaetvshopping.com/goods/680/20070680_s_20251209170139.jpg,https://www.shinsegaetvshopping.com/display/detail/20070680,건강식품
2026-01-06,07:31~08:31,전체,60,70,뷰티,기초화장품,클렌징,페이셜클렌징,클렌징젤,마미케어,[방송에서만 최대용량] APPLECIDER VINEGAR 애사비 클렌저 세트 (200ml*6개+2ml 7매),79900,79900,카드 5%,20067790,https://img.shinsegaetvshopping.com/goods/790/20067790_s_20250828134224.jpg,https://www.shinsegaetvshopping.com/display/detail/20067790,뷰티
2026-01-06,08:31~09:32,전체,61,80,패션,여성의류,아우터,가디건,라운드,블루핏,"[론칭가69,000원→1만원↓] 블루핏 울100 베스트 가디건",59000,59000,카드 5%,20066667,https://img.shinsegaetvshopping.com/goods/667/20066667_l_20251017133005.jpg,https://www.shinsegaetvshopping.com/display/detail/20066667,PB
2026-01-06,09:32~10:32,전체,60,73,패션,여성의류,특종,퍼악세서리,머플러,블루핏,블루핏X로보 스페인 라도마 리버시블 하프 무스탕,1290000,1290000,카드 5%,20070496,https://img.shinsegaetvshopping.com/goods/496/20070496_l_20251215100334.jpg,https://www.shinsegaetvshopping.com/display/detail/20070496,PB
2026-01-06,10:32~11:32,전체,60,67,패션,여성의류,아우터,코트,롱코트,에디티드,[25FW] 에디티드 핸드메이드 롱 코트,159000,159000,카드 5%,20067120,https://img.shinsegaetvshopping.com/goods/120/20067120_l_20251105135136.jpg,https://www.shinsegaetvshopping.com/display/detail/20067120,PB
2026-01-06,11:32~12:33,전체,61,59,가공식품,건강식품,기타 건강식품,기타 건강식품,기타 건강식품,닥터린_콘드로이친,(K 50％세일) 닥터린 콘드로이친 1200 + MBP +K2 (30정X12박스),164500,164500,카드 5%,20061718,https://img.shinsegaetvshopping.com/goods/718/20061718_s_20240930104451.jpg,https://www.shinsegaetvshopping.com/display/detail/20061718,건강식품
2026-01-06,12:33~13:33,IPTV,60,39,가공식품,절임/발효식품,김치류,배추김치,포기김치,조선호텔 김치,조선호텔 포기김치 9kg,81900,81900,카드 5%,20061310,https://img.shinsegaetvshopping.com/goods/310/20061310_s_20250205102951.jpg,https://www.shinsegaetvshopping.com/display/detail/20061310,일반식품
2026-01-06,12:33~13:33,CATV,60,17,가공식품,냉동식품,기타 냉동식품,기타 냉동식품,기타 냉동식품,조선호텔,조선호텔 떡갈비 100g X 20팩 + 소스 5g X 20개,44910,44910,,20051985,https://img.shinsegaetvshopping.com/goods/985/20051985_s_20250401113829.jpg,https://www.shinsegaetvshopping.com/display/detail/20051985,일반식품
2026-01-06,13:33~14:33,전체,60,54,패션,여성의류,상의,니트,긴팔,모브온,모브온 25FW 하이넥 풀오버 가디건 3종 (25FW 최신상!),79900,79900,카드 5%,20069301,https://img.shinsegaetvshopping.com/goods/301/20069301_s_20251029153324.jpg,https://www.shinsegaetvshopping.com/display/detail/20069301,여성의류
2026-01-06,14:33~15:34,전체,61,57,생활용품,주방용품,기타 주방용품,주방잡화,식기건조대,아이넥스,(방송에서만!) 아이넥스 식기건조대 클린엣지 스마트 플러스 풀세트,104000,104000,카드 5%,20070623,https://img.shinsegaetvshopping.com/goods/623/20070623_s_20251218163537.jpg,https://www.shinsegaetvshopping.com/display/detail/20070623,주방용품
2026-01-06,15:34~16:34,IPTV,60,33,패션,레포츠용품,스포츠슈즈,베이직스포츠,방한화,스케쳐스,여성 스케쳐스 온더고 스텔라 부츠,149000,149000,,20069645,https://img.shinsegaetvshopping.com/goods/645/20069645_s_20251105110151.jpg,https://www.shinsegaetvshopping.com/display/detail/20069645,레포츠
2026-01-06,15:34~16:34,CATV,60,14,패션잡화,언더웨어,여성,슬립/케미솔/속치마,브라탑,오렐리안,오렐리안 히든넥 코튼 브라탑 3종(런닝형),39900,39900,,20070758,https://img.shinsegaetvshopping.com/goods/758/20070758_s_20240919110229.jpg,https://www.shinsegaetvshopping.com/display/detail/20070758,언더웨어
2026-01-06,16:34~17:34,IPTV,60,46,가공식품,즉석/편의식품,즉석/조리식품,즉석국/탕/찌개류,기타 즉석국/탕/찌개류,정성곳간,정성곳간 강순의 한우 스지도가니탕 700g x 10팩(방송중),59900,59900,카드 5%,20070364,https://img.shinsegaetvshopping.com/goods/364/20070364_l_20251216175559.jpg,https://www.shinsegaetvshopping.com/display/detail/20070364,일반식품
2026-01-06,16:34~17:34,CATV,60,20,가공식품,음료류,기능성/건강음료,두유,두유,삼육두유,(25) 삼육두유 검은콩 볶은귀리 60팩 + 흑임자두유 45팩 (총105팩),49410,49410,카드 5%,20062031,https://img.shinsegaetvshopping.com/goods/031/20062031_s_20250106101051.jpg,https://www.shinsegaetvshopping.com/display/detail/20062031,일반식품
2026-01-06,17:34~18:35,전체,61,50,무형서비스,보험금융,보험,치매보험,치매보험,라이나생명과 라이나원,20070165 라이나 전에없던 치매간병보험(1212.김),0,0,,20070165,https://img.shinsegaetvshopping.com/goods/165/20070165_l_20240529135422.jpg,https://www.shinsegaetvshopping.com/display/detail/20070165,보험
2026-01-06,18:35~19:35,전체,60,69,가공식품,냉동식품,냉동가공식품,냉동스테이크/떡갈비/섭산적,냉동갈비,조선호텔,조선호텔 양념 LA갈비 400g X 8팩,119900,119900,카드 5%,20060824,https://img.shinsegaetvshopping.com/goods/824/20060824_s_20250401104842.jpg,https://www.shinsegaetvshopping.com/display/detail/20060824,일반식품
2026-01-06,19:35~20:35,IPTV,60,69,무형서비스,여행/예약서비스,여행(상담),해외(동아시아),해외(동아시아),모두투어,"[*여행의신세계]모두투어 홍콩 3일 4일 꽉찬 여행일정! 499,000원부터~",0,0,,20070555,https://img.shinsegaetvshopping.com/goods/555/20070555_l_20251223144837.jpg,https://www.shinsegaetvshopping.com/display/detail/20070555,여행
2026-01-06,19:35~20:35,CATV,60,30,가공식품,건강식품,기타 건강식품,기타 건강식품,기타 건강식품,메이준_알부민,"(방송에서만 2+2박스) 이승남의 활력 알부민 프리미엄 골드 당제로(총 4박스, 120병)",258000,258000,카드 5%,20070270,https://img.shinsegaetvshopping.com/goods/270/20070270_s_20251215135531.jpg,https://www.shinsegaetvshopping.com/display/detail/20070270,건강식품
2026-01-06,20:35~21:36,전체,61,120,가공식품,건강식품,기타 건강식품,기타 건강식품,기타 건강식품,리즐온,(방송에서만 6박스 더!) 리즐온 유기농 블루베리스틱 12박스,129000,129000,카드 5%,20070507,https://img.shinsegaetvshopping.com/goods/507/20070507_l_20251215132448.jpg,https://www.shinsegaetvshopping.com/display/detail/20070507,건강식품
2026-01-06,21:36~22:36,전체,60,118,무형서비스,렌탈및기타 서비스,렌탈서비스,리모델링시공,리모델링시공,한샘,[시공] 한샘 인테리어 상담예약 (FW 시공),0,0,,20067390,https://img.shinsegaetvshopping.com/goods/390/20067390_s_20240202170042.jpg,https://www.shinsegaetvshopping.com/display/detail/20067390,렌탈
2026-01-06,22:36~23:37,전체,61,72,가공식품,건강식품,기타 건강식품,기타 건강식품,기타 건강식품,대원제약_알부민,[방송에서만 30병 더] 대원제약 알부민 킹 총 90병,168000,168000,카드 5%,20069082,https://img.shinsegaetvshopping.com/goods/082/20069082_l_20251015164840.jpg,https://www.shinsegaetvshopping.com/display/detail/20069082,건강식품
2026-01-06,23:37~00:37,전체,60,62,뷰티,색조화장품,베이스메이크업,쿠션/팩트/파우더,쿠션팩트,조성아TM,[방송/단독]조성아 보오 커버 쿠션 (본품2+리필2),89000,89000,카드 5%,20070065,https://img.shinsegaetvshopping.com/goods/065/20070065_s_20251119153946.jpg,https://www.shinsegaetvshopping.com/display/detail/20070065,뷰티
2026-01-07,00:37~01:38,전체,61,32,가공식품,건강식품,천연건강식품,자연식품,기타 자연식품,뉴밋_올리브유,[방송에서만 8박스 더]뉴밋 유기농 엑스트라버진 올리브오일 총 16박스(P),198000,198000,카드 5%,20069445,https://img.shinsegaetvshopping.com/goods/445/20069445_l_20251027134610.jpg,https://www.shinsegaetvshopping.com/display/detail/20069445,건강식품
2026-01-07,01:38~02:38,전체,60,1,패션,여성의류,아우터,코트,롱코트,블루핏,"[론칭가159,000원→3만원↓]블루핏 울 발마칸 코트",129000,129000,카드 5%,20066932,https://img.shinsegaetvshopping.com/goods/932/20066932_l_20251105112717.jpg,https://www.shinsegaetvshopping.com/display/detail/20066932,PB
2026-01-07,02:38~03:39,전체,61,1,뷰티,기초화장품,기초케어,에센스/세럼/앰플,앰플,도미나스,방송에서만) 태극제약 도미나스 트라넥삼산 기미 앰플6개 + 아이크림 2개 + 에센스 1개 + 앰플체험분 10매,129000,129000,카드 5%,20069428,https://img.shinsegaetvshopping.com/goods/428/20069428_s_20251024185700.jpg,https://www.shinsegaetvshopping.com/display/detail/20069428,뷰티
2026-01-07,03:39~03:59,전체,20,1,가공식품,건강식품,기타 건강식품,기타 건강식품,기타 건강식품,리즐온,리즐온 아보카도 엑스트라버진 오일 9병,178000,178000,카드 5%,20070664,https://img.shinsegaetvshopping.com/goods/664/20070664_s_20250512151522.jpg,https://www.shinsegaetvshopping.com/display/detail/20070664,건강식품
2026-01-07,03:59~04:19,전체,20,1,패션잡화,언더웨어,여성,브라팬티세트,보정,엘라코닉,엘라코닉 미드나잇 컬렉션 루미에르 브라팬티세트,119900,119900,카드 5%,20068826,https://img.shinsegaetvshopping.com/goods/826/20068826_l_20251203171047.jpg,https://www.shinsegaetvshopping.com/display/detail/20068826,PB
2026-01-07,04:19~04:30,전체,11,1,가공식품,조미료,장류,낫토,식사용낫토,참좋은콩,맑은물에 김석원 낫또 45.5g x 34개,32900,32900,,10193559,https://img.shinsegaetvshopping.com/goods/559/10193559_s_20200429132104.jpg,https://www.shinsegaetvshopping.com/display/detail/10193559,일반식품
2026-01-07,04:30~05:30,전체,60,1,패션,레포츠의류,골프의류,상의,티셔츠,울시,울시골프 남성 듀스텍스 웜 티셔츠 4종,69000,69000,카드 5%,20059750,https://img.shinsegaetvshopping.com/goods/750/20059750_s_20241011131122.jpg,https://www.shinsegaetvshopping.com/display/detail/20059750,레포츠
2026-01-07,05:30~06:30,IPTV,60,21,패션,여성의류,아우터,베스트,다운/패딩,플리츠미,(최초! 2만원 인하) (신세계 단독) 25FW 플리츠미 퀼팅 패딩 베스트 (직),119000,119000,카드 5%,20068650,https://img.shinsegaetvshopping.com/goods/650/20068650_s_20251010135459.jpg,https://www.shinsegaetvshopping.com/display/detail/20068650,여성의류
2026-01-07,05:30~06:30,CATV,60,9,패션,여성의류,하의,팬츠,일자,지베르니,25FW 지베르니 퀼팅 패딩팬츠,39900,39900,,20069861,https://img.shinsegaetvshopping.com/goods/861/20069861_l_20251112152308.jpg,https://www.shinsegaetvshopping.com/display/detail/20069861,여성의류
2026-01-07,06:30~07:31,전체,61,72,가공식품,건강식품,건강기능식품,건강기능식품,유산균,비에날씬,(방송에서만 슬림플러스 2박스)★NEW 비에날씬 프로★[11박스]BNR17 다이어트 유산균 비에날씬 프로 + 슬림플러스 2박스[1],584100,584100,카드 5%,20065639,https://img.shinsegaetvshopping.com/goods/639/20065639_s_20250516161058.jpg,https://www.shinsegaetvshopping.com/display/detail/20065639,건강식품
2026-01-07,07:31~08:31,전체,60,72,뷰티,색조화장품,포인트메이크업,립메이크업,립스틱,철벽녀,[방송에서만]뷰티피플 철벽녀 오브제볼류머 립스틱 패키지 (5가지 컬러+트위드파우치),69900,69900,카드 5%,20070029,https://img.shinsegaetvshopping.com/goods/029/20070029_s_20251118142209.jpg,https://www.shinsegaetvshopping.com/display/detail/20070029,뷰티
2026-01-07,08:31~09:32,전체,61,81,가전/디지털,주방가전,전기쿠커/포트,전기포트,티포트,보랄,(방송에서만!)[최신!특대용량 4L] 보랄 스마트 글라스 보온 포트 (BR-A40L),99000,99000,카드 5%,20070190,https://img.shinsegaetvshopping.com/goods/190/20070190_s_20250930090207.jpg,https://www.shinsegaetvshopping.com/display/detail/20070190,주방가전
2026-01-07,09:32~10:32,전체,60,75,뷰티,기초화장품,기초케어,크림/젤,크림,톤28,최현우 패키지] 톤 28 해남 병풀 새벽크림 50g x 6통 +  펩타시카 토너 250ml x 2통,168000,168000,카드 5%,20069720,https://img.shinsegaetvshopping.com/goods/720/20069720_s_20251106121255.jpg,https://www.shinsegaetvshopping.com/display/detail/20069720,뷰티
2026-01-07,10:32~11:32,전체,60,52,뷰티,이미용기기,미용기기,페이스기기,피부관리기,PMD,[pmd] 풀페이스 리프팅 탄력 밴드 + 리프팅  콜라겐 기초 3종 패키지,198000,198000,카드 5%,20068600,https://img.shinsegaetvshopping.com/goods/600/20068600_s_20250923134755.jpg,https://www.shinsegaetvshopping.com/display/detail/20068600,뷰티
2026-01-07,11:32~12:33,전체,61,46,패션,여성의류,아우터,점퍼,다운/패딩,시슬리,"[런칭가399,000원]25FW 시슬리 하이넥 벨티드 롱 다운 점퍼 1종",299000,299000,카드 5%,20069971,https://img.shinsegaetvshopping.com/goods/971/20069971_l_20251106165828.jpg,https://www.shinsegaetvshopping.com/display/detail/20069971,여성의류
2026-01-07,12:33~13:33,전체,60,57,패션,여성의류,상의,니트,긴팔,데너,"[런칭가 139,000 → 109,000] 데너 몽골 햇 캐시미어100 NEW 엘리 풀오버 (25FW)",109000,109000,카드 5%,20068583,https://img.shinsegaetvshopping.com/goods/583/20068583_l_20251017093401.jpg,https://www.shinsegaetvshopping.com/display/detail/20068583,여성의류
2026-01-07,13:33~14:33,전체,60,43,뷰티,기초화장품,마스크/팩,마스크,마스크팩,센텔리안24,[방송에서만 103매] NEW 동국제약 마데카 더마 마스크팩 (체험분 1매),80100,80100,카드 5%,20070380,https://img.shinsegaetvshopping.com/goods/380/20070380_s_20251215143012.jpg,https://www.shinsegaetvshopping.com/display/detail/20070380,뷰티
2026-01-07,14:33~15:34,전체,61,59,뷰티,색조화장품,베이스메이크업,쿠션/팩트/파우더,쿠션팩트,미바,"방송에서만] 미바 왕쿠션 시즌3 본품 (심플 케이스, 캐릭터케이스 각1)총 2개 리필 3개",59900,59900,카드 5%,20064203,https://img.shinsegaetvshopping.com/goods/203/20064203_s_20250401172146.jpg,https://www.shinsegaetvshopping.com/display/detail/20064203,뷰티
2026-01-07,15:34~16:34,전체,60,64,생활용품,청소/욕실용품,타월,샤워타월/목욕용타월,샤워타월,테리갤러리,송월 시그니처 더블 스트라이프 코튼 타월 10장+10장 세트,104900,104900,카드 5%,20070480,https://img.shinsegaetvshopping.com/goods/480/20070480_s_20251212181216.jpg,https://www.shinsegaetvshopping.com/display/detail/20070480,생활용품
2026-01-07,16:34~17:34,전체,60,67,가공식품,즉석/편의식품,즉석/조리식품,즉석국/탕/찌개류,기타 즉석국/탕/찌개류,조선호텔,[방송에서만] 조선호텔 진한 한우도가니탕 1kg X 5팩(총 15인분),69900,69900,카드 5%,20067026,https://img.shinsegaetvshopping.com/goods/026/20067026_s_20250704131323.jpg,https://www.shinsegaetvshopping.com/display/detail/20067026,일반식품
2026-01-07,17:34~18:35,전체,61,50,가공식품,냉동식품,냉동가공식품,냉동스테이크/떡갈비/섭산적,냉동갈비,조선호텔,조선호텔 양념 소갈비 수제 포갈비 600g X 6팩(3.6kg),149900,149900,카드 5%,20061088,https://img.shinsegaetvshopping.com/goods/088/20061088_s_20250401110541.jpg,https://www.shinsegaetvshopping.com/display/detail/20061088,일반식품
2026-01-07,18:35~19:35,전체,60,68,패션,여성의류,하의,팬츠,정장팬츠/슬랙스,모브온,"[런칭가 79,900 → 59,900] 모브온 25FW 오닉스 셔닐 매직팬츠 2종(최초 가격인하!!)",59900,59900,카드 5%,20068083,https://img.shinsegaetvshopping.com/goods/083/20068083_s_20251114111120.jpg,https://www.shinsegaetvshopping.com/display/detail/20068083,여성의류
2026-01-07,19:35~20:35,IPTV,60,69,무형서비스,여행/예약서비스,여행(상담),해외(동아시아),해외(동아시아),모두투어,"[*여행의신세계]모두투어 홍콩 3일 4일 꽉찬 여행일정! 499,000원부터~",0,0,,20070555,https://img.shinsegaetvshopping.com/goods/555/20070555_l_20251223144837.jpg,https://www.shinsegaetvshopping.com/display/detail/20070555,여행
2026-01-07,19:35~20:35,CATV,60,30,뷰티,기초화장품,기초케어,크림/젤,크림,마미케어,[최대용량찬스] 마미케어 율무영양크림 기본세트 (크림 50g*4개+상품평 시 15g),59900,59900,카드 5%,20068484,https://img.shinsegaetvshopping.com/goods/484/20068484_s_20251125152604.jpg,https://www.shinsegaetvshopping.com/display/detail/20068484,뷰티
2026-01-07,20:35~21:36,전체,61,120,가공식품,건강식품,기타 건강식품,기타 건강식품,기타 건강식품,리즐온,"(방송에서만 60병 더!) 이선민 알부민 골드 2+2, 총 4박스 (총 120병)",258000,258000,카드 5%,20070221,https://img.shinsegaetvshopping.com/goods/221/20070221_l_20251128165655.jpg,https://www.shinsegaetvshopping.com/display/detail/20070221,건강식품
2026-01-07,21:36~22:36,전체,60,117,무형서비스,보험금융,보험,치아보험,치아보험,라이나생명과 라이나원,"20069287 라이나 더 건강한 치아보험(1105,김)",0,0,,20069287,https://img.shinsegaetvshopping.com/goods/287/20069287_l_20240529135447.jpg,https://www.shinsegaetvshopping.com/display/detail/20069287,보험
2026-01-07,22:36~23:37,전체,61,90,생활용품,위생용품,구강위생용품,구강세척기,기타 구강세척기,와픽,(26년최신상/웅니버스)오스템 와픽 UV 프리미엄 핸디 구강세정기 1+1세트+쿨가글2개,209000,209000,카드 5%,20070420,https://img.shinsegaetvshopping.com/goods/420/20070420_s_20260102174941.jpg,https://www.shinsegaetvshopping.com/display/detail/20070420,생활용품
2026-01-07,23:37~00:37,전체,60,62,가공식품,건강식품,기타 건강식품,기타 건강식품,기타 건강식품,시나몬랩_프로틴프레츨,프로틴 프레첼 12봉(3가지맛*4봉),53100,53100,카드 5%,20070249,https://img.shinsegaetvshopping.com/goods/249/20070249_s_20251222162358.jpg,https://www.shinsegaetvshopping.com/display/detail/20070249,건강식품
2026-01-08,00:37~01:38,전체,61,33,패션잡화,언더웨어,여성,이지웨어/잠옷,이지웨어,여유,여유(yeoyoo) 울트라극세사 파자마 2세트(여성),65460,65460,카드 5%,20068819,https://img.shinsegaetvshopping.com/goods/819/20068819_l_20251103092319.jpg,https://www.shinsegaetvshopping.com/display/detail/20068819,PB
2026-01-08,01:38~02:38,전체,60,1,패션,남성캐쥬얼,세트,기타 세트,세트상품,지프,[웅니버스] 25FW 지프 남성 플리스+후드+맨투맨 3종,99000,99000,카드 5%,20069176,https://img.shinsegaetvshopping.com/goods/176/20069176_l_20251017152148.jpg,https://www.shinsegaetvshopping.com/display/detail/20069176,캐쥬얼남성
2026-01-08,02:38~03:39,전체,61,1,패션,여성의류,아우터,코트,모직,에디티드,"[런칭가 129,000원→4만원 인하] 에디티드 윈터 패딩 울코트",89000,89000,카드 5%,20068673,https://img.shinsegaetvshopping.com/goods/673/20068673_l_20251120161722.jpg,https://www.shinsegaetvshopping.com/display/detail/20068673,PB
2026-01-08,04:09~04:30,전체,21,1,가공식품,건강식품,기타 건강식품,기타 건강식품,기타 건강식품,종근당건강,[9병]종근당건강 엑스트라버진 아보카도오일(250ml*9병),215600,215600,카드 5%,20048561,https://img.shinsegaetvshopping.com/goods/561/20048561_s_20250529135206.jpg,https://www.shinsegaetvshopping.com/display/detail/20048561,건강식품
2026-01-08,04:30~05:30,전체,60,1,뷰티,기초화장품,기초케어,세트,기초세트,끌레드벨,"[방송ⓝ] 끌레드벨 콜라겐리프팅 기초 매니아 (스킨4,로션4,크림4,아이크림4 총16개)",129000,129000,카드 5%,20067682,https://img.shinsegaetvshopping.com/goods/682/20067682_s_20250811161500.jpg,https://www.shinsegaetvshopping.com/display/detail/20067682,뷰티
2026-01-08,05:30~06:30,전체,60,40,가공식품,건강식품,건강기능식품,건강기능식품,유산균,데이즈온_오한진프리,(방송에서만 50％세일) 데이즈온 원데이올인원 프리바이오틱스 유산균 12개월분 + 10일 무료체험,189000,189000,카드 5%,20067129,https://img.shinsegaetvshopping.com/goods/129/20067129_s_20250429113927.jpg,https://www.shinsegaetvshopping.com/display/detail/20067129,건강식품
2026-01-08,06:30~07:31,전체,61,73,가공식품,건강식품,기타 건강식품,기타 건강식품,기타 건강식품,오한진 알부민,(방송에서만 2박스 더!)[오한진 알부민] 프리미엄 백세 알부민 2+2박스 (총 120병),258000,258000,카드 5%,20070082,https://img.shinsegaetvshopping.com/goods/082/20070082_s_20251230135313.jpg,https://www.shinsegaetvshopping.com/display/detail/20070082,건강식품
2026-01-08,07:31~08:31,전체,60,73,패션,여성의류,아우터,점퍼,다운/패딩,지베르니,25FW 최신상 ! 지베르니 리버시블 퍼패딩 점퍼,39900,39900,,20070461,https://img.shinsegaetvshopping.com/goods/461/20070461_l_20251229134933.jpg,https://www.shinsegaetvshopping.com/display/detail/20070461,여성의류
2026-01-08,08:31~09:32,전체,61,82,가공식품,건강식품,건강기능식품,건강기능식품,기타 건강기능식품,레이델,(방송에서만)레이델 폴리코사놀 5 12박스(12개월분)[1],401000,401000,카드 5%,20045195,https://img.shinsegaetvshopping.com/goods/195/20045195_s_20250305132549.png,https://www.shinsegaetvshopping.com/display/detail/20045195,건강식품
2026-01-08,09:32~10:32,전체,60,57,뷰티,기초화장품,기초케어,크림/젤,탄력크림,비오진,[전인화패키지] 비오진 알부민 리프팅 크림 50ml*6개+체험분 1매,89000,89000,카드 5%,20070804,https://img.shinsegaetvshopping.com/goods/804/20070804_s_20251223162451.jpg,https://www.shinsegaetvshopping.com/display/detail/20070804,뷰티
2026-01-08,10:32~11:32,전체,60,69,패션잡화,언더웨어,여성,팬티,삼각팬티,라페어,라페어 러스틱라이프 레이온 팬티 15종+브라탑 1종(랜덤),49900,49900,,20070498,https://img.shinsegaetvshopping.com/goods/498/20070498_s_20260102141815.jpg,https://www.shinsegaetvshopping.com/display/detail/20070498,언더웨어
2026-01-08,11:32~12:33,전체,61,62,패션,여성의류,아우터,점퍼,다운/패딩,앤클라인,25FW AK 앤클라인 볼륨 구스 다운 1종,129000,129000,카드 5%,20069555,https://img.shinsegaetvshopping.com/goods/555/20069555_s_20251103110401.jpg,https://www.shinsegaetvshopping.com/display/detail/20069555,여성의류
2026-01-08,12:33~13:33,전체,60,44,뷰티,기초화장품,기초케어,크림/젤,크림,센텔리안24,[최대용량] NEW 동국제약 마데카 크림 타이트 리프팅 (크림 50ml*10+여행용5매키트),89910,89910,카드 5%,20070763,https://img.shinsegaetvshopping.com/goods/763/20070763_s_20251230153346.jpg,https://www.shinsegaetvshopping.com/display/detail/20070763,뷰티
2026-01-08,13:33~14:33,전체,60,57,신선식품,수산물,생선,기타 생선,삼치,아임피쉬,"(빠른배송)가시바른 순살 볼락 500g X 5팩(개당 100g), 총 2.5kg (25개)",59900,59900,,20070105,https://img.shinsegaetvshopping.com/goods/105/20070105_s_20250627092913.jpg,https://www.shinsegaetvshopping.com/display/detail/20070105,일반식품
2026-01-08,14:33~15:34,전체,61,45,신선식품,농산물,채소류,고구마,호박고구마,자연마루,안면도 호박고구마 4kg * 2박스 (개당 100-300g내외) / 총 8kg,29900,29900,,20069505,https://img.shinsegaetvshopping.com/goods/505/20069505_s_20251222145230.jpg,https://www.shinsegaetvshopping.com/display/detail/20069505,일반식품
2026-01-08,15:34~16:34,전체,60,65,뷰티,색조화장품,베이스메이크업,쿠션/팩트/파우더,에센스팩트,에이지투웨니스,★최신상★ [방송] 에이지투웨니스 럭스 골드 앰플 에센스 팩트,98000,98000,카드 5%,20068168,https://img.shinsegaetvshopping.com/goods/168/20068168_s_20250909101742.jpg,https://www.shinsegaetvshopping.com/display/detail/20068168,뷰티
2026-01-08,16:34~17:34,전체,60,51,가공식품,축산가공식품,조미육가공,떡갈비,한우떡갈비,최현석 셰프,[방송에서만] 최현석 횡성축협한우 한돈한우 직화스테이크 160g*21팩(총 42장) [직],59900,59900,카드 5%,20070090,https://img.shinsegaetvshopping.com/goods/090/20070090_s_20250826133348.jpg,https://www.shinsegaetvshopping.com/display/detail/20070090,일반식품
2026-01-08,17:34~18:35,전체,61,68,패션,여성의류,하의,팬츠,캐주얼팬츠,펠틱스,25FW 펠틱스 웜플렉스  패딩 기모 팬츠 3종 여성,49900,49900,,20069388,https://img.shinsegaetvshopping.com/goods/388/20069388_l_20251029081859.jpg,https://www.shinsegaetvshopping.com/display/detail/20069388,여성의류
2026-01-08,18:35~19:35,전체,60,52,패션,남성클래식,하의,정장팬츠,본딩,워모,워모 25FW 써모라이트 본딩 팬츠 3종,99000,99000,카드 5%,20068954,https://img.shinsegaetvshopping.com/goods/954/20068954_s_20251029160236.jpg,https://www.shinsegaetvshopping.com/display/detail/20068954,캐쥬얼남성
2026-01-08,19:35~20:35,전체,60,99,뷰티,색조화장품,포인트메이크업,립메이크업,립스틱,무드매쳐,미국 직수입★ [무드매쳐] 반전 립스틱 x 6종 신세계 단독 패키지 (+ 포토상품평 에스닉백),59900,59900,카드 5%,20070694,https://img.shinsegaetvshopping.com/goods/694/20070694_s_20251222143308.jpg,https://www.shinsegaetvshopping.com/display/detail/20070694,뷰티
2026-01-08,20:35~21:36,IPTV,61,84,패션,레포츠용품,스포츠슈즈,베이직스포츠,방한화,스케쳐스,여성 스케쳐스 온더고 앙코르(ENCORE) 부츠,129000,129000,,20069623,https://img.shinsegaetvshopping.com/goods/623/20069623_s_20251103112623.jpg,https://www.shinsegaetvshopping.com/display/detail/20069623,레포츠
2026-01-08,20:35~21:36,CATV,61,36,패션,레포츠의류,스포츠의류,하의,팬츠,엘르스포츠,25FW] 엘르스포츠 남성 보아퍼 방풍팬츠 3종세트,89900,89900,카드 5%,20069088,https://img.shinsegaetvshopping.com/goods/088/20069088_l_20251022151312.jpg,https://www.shinsegaetvshopping.com/display/detail/20069088,레포츠
2026-01-08,21:36~22:36,전체,60,117,패션,여성의류,상의,니트,폴라/터틀넥,블루핏,"[론칭가79,000원→2만원↓]블루핏 소프트니트 풀오버 4종",59000,59000,카드 5%,20066928,https://img.shinsegaetvshopping.com/goods/928/20066928_l_20251016093241.jpg,https://www.shinsegaetvshopping.com/display/detail/20066928,PB
2026-01-08,22:36~23:37,IPTV,61,48,패션,남성클래식,아우터,재킷,재킷,워모,워모 캐시미어 울 블렌딩 패딩 자켓,139000,139000,카드 5%,20068811,https://img.shinsegaetvshopping.com/goods/811/20068811_l_20251106140513.jpg,https://www.shinsegaetvshopping.com/display/detail/20068811,캐쥬얼남성
2026-01-08,22:36~23:37,CATV,61,21,패션,남성캐쥬얼,하의,캐쥬얼팬츠,본딩팬츠,CERINI BY PAT,CERINI by PAT25FW보아퍼방풍팬츠3종,89900,89900,카드 5%,20070232,https://img.shinsegaetvshopping.com/goods/232/20070232_l_20251128100714.jpg,https://www.shinsegaetvshopping.com/display/detail/20070232,캐쥬얼남성
2026-01-08,23:37~00:37,IPTV,60,42,패션,여성의류,아우터,재킷,캐쥬얼,NFL,NFL 25FW 여성 플리스,49000,49000,,20069674,https://img.shinsegaetvshopping.com/goods/674/20069674_s_20251106171840.jpg,https://www.shinsegaetvshopping.com/display/detail/20069674,여성의류
2026-01-08,23:37~00:37,CATV,60,18,패션,레포츠의류,스포츠의류,아우터,다운/패딩,트렉스타,[트렉스타스포츠] 에버웜 롱패딩 1종 (남녀 공용),79000,79000,카드 5%,20070201,https://img.shinsegaetvshopping.com/goods/201/20070201_s_20251127125630.jpg,https://www.shinsegaetvshopping.com/display/detail/20070201,레포츠
2026-01-09,00:37~01:38,전체,61,32,패션잡화,언더웨어,여성,내복,세트,여유,여유(yeoyoo) 모달 웜기모 동내의 2세트(여성),39900,39900,,20068821,https://img.shinsegaetvshopping.com/goods/821/20068821_s_20251219091312.jpg,https://www.shinsegaetvshopping.com/display/detail/20068821,PB
2026-01-09,01:38~02:38,전체,60,1,가공식품,건강식품,천연건강식품,자연식품,기타 자연식품,올바이오,(방송에서만 세일! 2병 더!)[올바이오] 아보카도 오일 9+2병 (총 11병),99900,99900,카드 5%,20070258,https://img.shinsegaetvshopping.com/goods/258/20070258_l_20251201143149.jpg,https://www.shinsegaetvshopping.com/display/detail/20070258,건강식품
2026-01-09,02:38~03:39,전체,61,1,뷰티,색조화장품,포인트메이크업,립메이크업,립스틱,철벽녀,[방송]뷰티피플 철벽녀 오브제볼류머 립스틱 패키지 (5가지 컬러+트위드파우치)ⓝ,69900,69900,카드 5%,20070500,https://img.shinsegaetvshopping.com/goods/500/20070500_s_20251118142209.jpg,https://www.shinsegaetvshopping.com/display/detail/20070500,뷰티
2026-01-09,03:39~03:59,전체,20,1,패션잡화,언더웨어,여성,브라팬티세트,노와이어,비비안,비비안 프리모션 퓨징 패키지 4세트+랜덤1세트,179900,179900,카드 5%,20070831,https://img.shinsegaetvshopping.com/goods/831/20070831_s_20260108104209.png,https://www.shinsegaetvshopping.com/display/detail/20070831,언더웨어
2026-01-09,03:59~04:19,전체,20,1,가공식품,건강식품,천연건강식품,자연식품,기타 자연식품,홀베리 레몬생강즙,[홀베리/12박스]유기농 레몬생강즙 15g x 14포 x 12박스 (총 168포),159840,159840,카드 5%,20061592,https://img.shinsegaetvshopping.com/goods/592/20061592_l_20240823141320.jpg,https://www.shinsegaetvshopping.com/display/detail/20061592,건강식품
2026-01-09,04:19~04:30,전체,11,1,가공식품,빵류/떡류,빵류,기타 빵류,완두앙금빵,보리담은,"보리담은 아이스 찰보리빵 총100개, 오리지널 60개 + 쑥아이스 20개 + 유자아이스20개(개당28g)",39900,39900,,20066544,https://img.shinsegaetvshopping.com/goods/544/20066544_s_20250604102346.jpg,https://www.shinsegaetvshopping.com/display/detail/20066544,일반식품
2026-01-09,04:30~05:30,전체,60,1,패션,여성의류,아우터,가디건,브이넥,엘라코닉,"[런칭가129,000원→4만원 인하] 엘라코닉 ITALY 캐시울 하찌 니트 코트",89000,89000,카드 5%,20067520,https://img.shinsegaetvshopping.com/goods/520/20067520_l_20251029154805.jpg,https://www.shinsegaetvshopping.com/display/detail/20067520,PB
2026-01-09,05:30~06:30,전체,60,38,패션,여성의류,특종,모피코트,풀스킨,엘페by진도,25FW  진도 엘페 휘메일 풀스킨 밍크 후드 재킷  - 블랙(EJ15),1690000,1690000,카드 5%,20069090,https://img.shinsegaetvshopping.com/goods/090/20069090_l_20251016094152.jpg,https://www.shinsegaetvshopping.com/display/detail/20069090,여성의류
2026-01-09,06:30~07:31,전체,61,55,뷰티,기초화장품,기초케어,세트,기초세트,끌레드벨,"[방송중] 끌레드벨 콜라겐리프팅 기초세트 매니아 (스킨4,로션4,크림4,아이크림4 총16종)",129000,129000,카드 5%,20067409,https://img.shinsegaetvshopping.com/goods/409/20067409_s_20250811161500.jpg,https://www.shinsegaetvshopping.com/display/detail/20067409,뷰티
2026-01-09,07:31~08:31,전체,60,73,생활용품,생활용품,생활잡화류,핫팩,붙이는핫팩,하루온,"[방송에서만,62매]하루온 이지페인 온팩 총 62매(체험찬스2매+편안한 따뜻함+강한 따뜻함)",49800,49800,,20070858,https://img.shinsegaetvshopping.com/goods/858/20070858_l_20260108214119.jpg,https://www.shinsegaetvshopping.com/display/detail/20070858,생활용품
2026-01-09,08:31~09:32,전체,61,81,뷰티,기초화장품,기초케어,크림/젤,탄력크림,성분에디터,**특대용량패키지** 성분에디터 녹는실 아이크림 세트 (아이크림 50ml*7개),99900,99900,카드 5%,20069655,https://img.shinsegaetvshopping.com/goods/655/20069655_s_20251021152335.jpg,https://www.shinsegaetvshopping.com/display/detail/20069655,뷰티
2026-01-09,09:32~10:32,전체,60,75,패션,레포츠의류,골프의류,세트,기타 세트,힐크릭,힐크릭 퍼 베스트 셋업,189000,189000,카드 5%,20069278,https://img.shinsegaetvshopping.com/goods/278/20069278_s_20251023084010.jpg,https://www.shinsegaetvshopping.com/display/detail/20069278,레포츠
2026-01-09,10:32~11:32,전체,60,52,가공식품,건강식품,기타 건강식품,기타 건강식품,기타 건강식품,리즐온,"(방송에서만 60병 더!) 이선민 알부민 골드 2+2, 총 4박스 (총 120병)",258000,258000,카드 5%,20070221,https://img.shinsegaetvshopping.com/goods/221/20070221_l_20251128165655.jpg,https://www.shinsegaetvshopping.com/display/detail/20070221,건강식품
2026-01-09,11:32~12:33,전체,61,59,뷰티,기초화장품,기초케어,크림/젤,크림,톤28,최현우 패키지] 톤 28 해남 병풀 새벽크림 50g x 6통 +  펩타시카 토너 250ml x 2통,168000,168000,카드 5%,20069720,https://img.shinsegaetvshopping.com/goods/720/20069720_s_20251106121255.jpg,https://www.shinsegaetvshopping.com/display/detail/20069720,뷰티
2026-01-09,12:33~13:33,전체,60,42,패션,여성의류,아우터,가디건,라운드,블루핏,"[론칭가69,000원→2만원↓] 블루핏 알파카 혼방 배색 가디건",49000,49000,,20066554,https://img.shinsegaetvshopping.com/goods/554/20066554_l_20250806134217.jpg,https://www.shinsegaetvshopping.com/display/detail/20066554,PB
2026-01-09,13:33~14:33,전체,60,54,가공식품,절임/발효식품,김치류,배추김치,포기김치,조선호텔 김치,조선호텔 포기김치 5kg + 총각김치 2kg,81900,81900,카드 5%,20061372,https://img.shinsegaetvshopping.com/goods/372/20061372_s_20240408111146.jpg,https://www.shinsegaetvshopping.com/display/detail/20061372,일반식품
2026-01-09,14:33~15:34,전체,61,56,가공식품,건강식품,기타 건강식품,기타 건강식품,기타 건강식품,메이준_알부민,"(방송에서만 2+2박스) 이승남의 활력 알부민 프리미엄 골드 당제로(총 4박스, 120병)",258000,258000,카드 5%,20070270,https://img.shinsegaetvshopping.com/goods/270/20070270_s_20251215135531.jpg,https://www.shinsegaetvshopping.com/display/detail/20070270,건강식품
2026-01-09,15:34~16:34,전체,60,47,뷰티,색조화장품,베이스메이크업,쿠션/팩트/파우더,쿠션팩트,이자녹스,[방송중]최신상 이자녹스 듀얼커버 쿠션 (본품2+리필2+퍼프3),39000,39000,,20069466,https://img.shinsegaetvshopping.com/goods/466/20069466_s_20251027135731.jpg,https://www.shinsegaetvshopping.com/display/detail/20069466,뷰티
2026-01-09,16:34~17:34,전체,60,64,패션,여성의류,하의,팬츠,캐주얼팬츠,펠틱스,25FW 펠틱스 웜플렉스  패딩 기모 팬츠 3종 여성,49900,49900,,20069388,https://img.shinsegaetvshopping.com/goods/388/20069388_l_20251029081859.jpg,https://www.shinsegaetvshopping.com/display/detail/20069388,여성의류
2026-01-09,17:34~18:35,전체,61,49,신선식품,농산물,과일류,체리,체리,PSK,"[맛보증]칠레산 생체리 2kg, 1박스(개당 26-28mm)",34110,34110,,20070737,https://img.shinsegaetvshopping.com/goods/737/20070737_s_20210105160537.jpg,https://www.shinsegaetvshopping.com/display/detail/20070737,일반식품
2026-01-09,18:35~19:35,전체,60,49,패션,여성의류,아우터,점퍼,다운/패딩,지베르니,25FW 최신상 ! 지베르니 리버시블 퍼패딩 점퍼,39900,39900,,20070461,https://img.shinsegaetvshopping.com/goods/461/20070461_l_20251229134933.jpg,https://www.shinsegaetvshopping.com/display/detail/20070461,여성의류
2026-01-09,19:35~20:35,전체,60,75,패션,여성의류,상의,니트,긴팔,데너,"[런칭가 139,000 → 109,000] 데너 몽골 햇 캐시미어100 NEW 엘리 풀오버 (25FW)",109000,109000,카드 5%,20068583,https://img.shinsegaetvshopping.com/goods/583/20068583_l_20251017093401.jpg,https://www.shinsegaetvshopping.com/display/detail/20068583,여성의류
2026-01-09,20:35~21:36,전체,61,94,가공식품,건강식품,기타 건강식품,기타 건강식품,기타 건강식품,리즐온,"(방송에서만 60병 더!) 이선민 알부민 골드 2+2, 총 4박스 (총 120병)",258000,258000,카드 5%,20070221,https://img.shinsegaetvshopping.com/goods/221/20070221_l_20251128165655.jpg,https://www.shinsegaetvshopping.com/display/detail/20070221,건강식품
2026-01-09,21:36~22:36,IPTV,60,64,무형서비스,여행/예약서비스,여행(상담),해외(동아시아),해외(동아시아),하나투어,[여행의신세계]하나투어✈대만! 항공+4성호텔+특식+간식+No단체쇼핑+지우펀 야경! 699천원부터,0,0,,20070515,https://img.shinsegaetvshopping.com/goods/515/20070515_l_20260107111914.jpg,https://www.shinsegaetvshopping.com/display/detail/20070515,여행
2026-01-09,21:36~22:36,CATV,60,28,가공식품,건강식품,기타 건강식품,기타 건강식품,기타 건강식품,메이준_알부민,"(방송에서만 2+2박스) 이승남의 활력 알부민 프리미엄 골드 당제로(총 4박스, 120병)",258000,258000,카드 5%,20070270,https://img.shinsegaetvshopping.com/goods/270/20070270_s_20251215135531.jpg,https://www.shinsegaetvshopping.com/display/detail/20070270,건강식품
2026-01-09,22:36~23:37,전체,61,91,무형서비스,여행/예약서비스,여행(상담),국내,국내,빛나는 제주여행사,"[*빛나는제주]제주도 3박4일 19만9천원단일가, 가파도일주+항공+호텔3박+식사7회",0,0,,20070592,https://img.shinsegaetvshopping.com/goods/592/20070592_l_20260106131258.jpg,https://www.shinsegaetvshopping.com/display/detail/20070592,여행
2026-01-09,23:37~00:37,전체,60,63,뷰티,색조화장품,포인트메이크업,마스카라,마스카라,닥터3,[단독! 본품최다!] 닥터3 블랙 펩타이드 세럼카라 6ml X 5개,59900,59900,카드 5%,20068310,https://img.shinsegaetvshopping.com/goods/310/20068310_s_20250912164657.png,https://www.shinsegaetvshopping.com/display/detail/20068310,뷰티
2026-01-10,00:37~01:38,전체,61,38,패션,레포츠의류,스포츠의류,하의,팬츠,엘르스포츠,25FW] 엘르스포츠 남성 보아퍼 방풍팬츠 3종세트,89900,89900,카드 5%,20069088,https://img.shinsegaetvshopping.com/goods/088/20069088_l_20251022151312.jpg,https://www.shinsegaetvshopping.com/display/detail/20069088,레포츠
2026-01-10,01:38~02:38,전체,60,1,패션잡화,언더웨어,여성,내복,세트,여유,여유(yeoyoo) 모달 웜기모 동내의 2세트(여성),39900,39900,,20068821,https://img.shinsegaetvshopping.com/goods/821/20068821_s_20251219091312.jpg,https://www.shinsegaetvshopping.com/display/detail/20068821,PB
2026-01-10,02:38~03:39,전체,61,1,패션,여성의류,아우터,가디건,라운드,블루핏,"[론칭가69,000원→2만원↓]블루핏 알파카 혼방 레인보우 가디건",49000,49000,,20066556,https://img.shinsegaetvshopping.com/goods/556/20066556_l_20250826135422.jpg,https://www.shinsegaetvshopping.com/display/detail/20066556,PB
2026-01-10,03:39~03:59,전체,20,1,생활용품,위생용품,구강위생용품,구강세척기,기타 구강세척기,파나소닉,[방송에서만 이구성이가격] 파나소닉 제트워셔 NEW포터블 무선 구강세정기 1+1SET(DJ11),129000,129000,카드 5%,20040185,https://img.shinsegaetvshopping.com/goods/185/20040185_s_20230922170935.jpg,https://www.shinsegaetvshopping.com/display/detail/20040185,생활용품
2026-01-10,03:59~04:19,전체,20,1,뷰티,기초화장품,기초케어,크림/젤,크림,닥터3,[단독! 방송에서만 이 가격!] 닥터3 리프테놀 크림 25ml X 6개,69900,69900,카드 5%,20069357,https://img.shinsegaetvshopping.com/goods/357/20069357_s_20251023113924.jpg,https://www.shinsegaetvshopping.com/display/detail/20069357,뷰티
2026-01-10,04:19~05:20,전체,61,1,가공식품,건강식품,건강기능식품,건강기능식품,유산균,유한양행_당큐락,신년특집[방송중 9개월+2주] 유한양행 당큐락 9개월분 +2주,526000,526000,카드 5%,20067708,https://img.shinsegaetvshopping.com/goods/708/20067708_s_20260102100314.jpg,https://www.shinsegaetvshopping.com/display/detail/20067708,건강식품
2026-01-10,05:20~06:20,전체,60,49,가공식품,건강식품,기타 건강식품,기타 건강식품,기타 건강식품,HLB제약 알부민,"(방송에서만)[3박스]HLB제약 알부민 인텐시브 골드 329(30병 X 3박스, 총 90병)",169000,169000,카드 5%,20069257,https://img.shinsegaetvshopping.com/goods/257/20069257_s_20251028164602.jpg,https://www.shinsegaetvshopping.com/display/detail/20069257,건강식품
2026-01-10,06:20~07:20,전체,60,81,뷰티,기초화장품,기초케어,크림/젤,크림,닥터3,[단독! 방송에서만 이 가격!] 닥터3 리프테놀 크림 25ml X 6개,69900,69900,카드 5%,20069357,https://img.shinsegaetvshopping.com/goods/357/20069357_s_20251023113924.jpg,https://www.shinsegaetvshopping.com/display/detail/20069357,뷰티
2026-01-10,07:20~08:21,전체,61,118,뷰티,이미용기기,미용기기,페이스기기,피부관리기,PMD,[pmd] 풀페이스 리프팅 탄력 밴드 + 리프팅  콜라겐 기초 3종 패키지,198000,198000,카드 5%,20068600,https://img.shinsegaetvshopping.com/goods/600/20068600_s_20250923134755.jpg,https://www.shinsegaetvshopping.com/display/detail/20068600,뷰티
2026-01-10,08:21~09:21,전체,60,119,가공식품,건강식품,천연건강식품,선식,기타 선식,골드카무트,1/10-1/29 [반값세일/10개월] 골드 카무트 효소 30포 x 10박스 +파로 3봉,175000,175000,카드 5%,20070107,https://img.shinsegaetvshopping.com/goods/107/20070107_s_20251125125717.jpg,https://www.shinsegaetvshopping.com/display/detail/20070107,건강식품
2026-01-10,09:21~10:22,전체,61,90,가공식품,건강식품,천연건강식품,자연식품,기타 자연식품,이경제,"신라밸 5프로 할인 [방송중/트리플] 이경제 흑염소진액 진眞 12박스 (70ml*30포*12박스, 총 360포)",445550,445550,카드 5%,20061027,https://img.shinsegaetvshopping.com/goods/027/20061027_s_20250401100531.jpg,https://www.shinsegaetvshopping.com/display/detail/20061027,건강식품
2026-01-10,10:22~11:22,전체,60,112,가공식품,건강식품,건강기능식품,건강기능식품,유산균,유한양행_당큐락,w신년특집[방송중 9개월+2주] 유한양행 당큐락 9개월분 +2주,526000,526000,카드 5%,20067707,https://img.shinsegaetvshopping.com/goods/707/20067707_s_20260102095952.jpg,https://www.shinsegaetvshopping.com/display/detail/20067707,건강식품
2026-01-10,11:22~12:23,IPTV,61,66,무형서비스,렌탈및기타 서비스,교육,아동학습,아동학습,메가스터디,[교육] 메가스터디교육 엠베스트 중등교육 (방송에서만! 14일 무료체험-겨울방학),0,0,,20070268,https://img.shinsegaetvshopping.com/goods/268/20070268_s_20251203084600.jpg,https://www.shinsegaetvshopping.com/display/detail/20070268,렌탈
2026-01-10,11:22~12:23,CATV,61,28,뷰티,색조화장품,베이스메이크업,쿠션/팩트/파우더,에센스팩트,닥터3,[단독] 닥터3 로즈 버건디 팩트 (본품10g*2개 + 리필10g*3개 + 글로우 립밤 3.5g*1개),58900,58900,카드 5%,20069106,https://img.shinsegaetvshopping.com/goods/106/20069106_s_20251104095542.jpg,https://www.shinsegaetvshopping.com/display/detail/20069106,뷰티
2026-01-10,12:23~13:43,IPTV,80,85,생활용품,생활용품,생활잡화류,옷걸이/벽걸이,기타 옷걸이/벽걸이,이즈미,[판매1등] 이즈미 프리미엄 보풀 제거기 IKL-810,84000,84000,카드 5%,20069574,https://img.shinsegaetvshopping.com/goods/574/20069574_s_20201106150257.jpg,https://www.shinsegaetvshopping.com/display/detail/20069574,생활용품
2026-01-10,12:23~13:43,CATV,80,37,가구/인테리어,침구단품,이불커버/차렵이불/홑이불/겹이불,차렵이불,기타 차렵이불,더플레오,더플레오 베이즌 차렵 이불 3종 베개커버6장 패키지 (SK),89900,89900,카드 5%,20069143,https://img.shinsegaetvshopping.com/goods/143/20069143_l_20251016200322.jpg,https://www.shinsegaetvshopping.com/display/detail/20069143,침구
2026-01-10,13:43~14:43,전체,60,90,뷰티,기초화장품,기초케어,크림/젤,탄력크림,성분에디터,*특대용량패키지* 성분에디터 녹는실 아이크림 세트 (아이크림 50ml*7개),99900,99900,카드 5%,20069653,https://img.shinsegaetvshopping.com/goods/653/20069653_s_20251021152335.jpg,https://www.shinsegaetvshopping.com/display/detail/20069653,뷰티
2026-01-10,14:43~16:04,전체,81,91,뷰티,기초화장품,기초케어,세트,기초세트,끌레드벨,"[방송중] 끌레드벨 콜라겐리프팅 기초세트 매니아 (스킨4,로션4,크림4,아이크림4 총16종)",129000,129000,카드 5%,20069768,https://img.shinsegaetvshopping.com/goods/768/20069768_s_20250811161500.jpg,https://www.shinsegaetvshopping.com/display/detail/20069768,뷰티
2026-01-10,16:04~17:24,전체,80,97,가공식품,냉동식품,냉동가공식품,냉동스테이크/떡갈비/섭산적,냉동갈비,조선호텔,조선호텔 양념 LA갈비 400g X 8팩,119900,119900,카드 5%,20060824,https://img.shinsegaetvshopping.com/goods/824/20060824_s_20250401104842.jpg,https://www.shinsegaetvshopping.com/display/detail/20060824,일반식품
2026-01-10,17:24~18:24,전체,60,99,패션,레포츠용품,스포츠슈즈,베이직스포츠,방한화,PONY,여성 포니 (PONY) 천연소가죽 방한부츠,59000,59000,카드 5%,20070212,https://img.shinsegaetvshopping.com/goods/212/20070212_s_20251130173450.jpg,https://www.shinsegaetvshopping.com/display/detail/20070212,레포츠
2026-01-10,18:24~19:25,전체,61,84,패션,여성의류,하의,팬츠,정장팬츠/슬랙스,모브온,"[런칭가 79,900 → 59,900] 모브온 25FW 오닉스 셔닐 매직팬츠 2종(최초 가격인하!!)",59900,59900,카드 5%,20068083,https://img.shinsegaetvshopping.com/goods/083/20068083_s_20251114111120.jpg,https://www.shinsegaetvshopping.com/display/detail/20068083,여성의류
2026-01-10,19:25~20:25,전체,60,118,뷰티,기초화장품,마스크/팩,마스크,겔마스크팩,리브이셀,(조윤주 패키지)[35회 관리] 리브이셀 콜라겐 투명 랩핑 마스크 30g x 총 35매 (총 7박스) 최저가 패키지,139000,139000,카드 5%,20068374,https://img.shinsegaetvshopping.com/goods/374/20068374_s_20240801093621.jpg,https://www.shinsegaetvshopping.com/display/detail/20068374,뷰티
2026-01-10,20:25~21:25,IPTV,60,87,무형서비스,여행/예약서비스,여행(상담),해외(동아시아),해외(동아시아),한진관광,[특집전]스카이패스 한진관광 북해도 핵심일주 3박4일 대한항공 노팁!쇼운쿄숙박!호텔석식 2회,0,0,,20070593,https://img.shinsegaetvshopping.com/goods/593/20070593_l_20260107112147.jpg,https://www.shinsegaetvshopping.com/display/detail/20070593,여행
2026-01-10,20:25~21:25,CATV,60,38,패션,남성캐쥬얼,하의,캐쥬얼팬츠,본딩팬츠,CERINI BY PAT,CERINI by PAT 25FW 보아퍼 패딩팬츠3종,89900,89900,카드 5%,20070234,https://img.shinsegaetvshopping.com/goods/234/20070234_l_20251128100714.jpg,https://www.shinsegaetvshopping.com/display/detail/20070234,캐쥬얼남성
2026-01-10,21:25~22:26,전체,61,127,패션잡화,언더웨어,여성,브라팬티세트,레이스,시슬리,(방송에서만 세일) 시슬리 SISLEY 라이크라 레이스 브라렛 5세트,89950,89950,카드 5%,20069617,https://img.shinsegaetvshopping.com/goods/617/20069617_l_20251110150352.jpg,https://www.shinsegaetvshopping.com/display/detail/20069617,언더웨어
2026-01-10,22:26~23:26,IPTV,60,76,무형서비스,여행/예약서비스,여행(상담),해외(동아시아),해외(동아시아),참좋은여행,"[*여행의신세계]참좋은여행 몽골 3/4/5일 노쇼핑,월드체인호텔,현대식게르숙박",0,0,,20070516,https://img.shinsegaetvshopping.com/goods/516/20070516_l_20260106093400.jpg,https://www.shinsegaetvshopping.com/display/detail/20070516,여행
2026-01-10,22:26~23:26,CATV,60,33,가공식품,건강식품,기타 건강식품,기타 건강식품,기타 건강식품,오한진 알부민,(방송에서만 2박스 더!)[오한진 알부민] 프리미엄 백세 알부민 2+2박스 (총 120병),258000,258000,카드 5%,20070082,https://img.shinsegaetvshopping.com/goods/082/20070082_s_20251230135313.jpg,https://www.shinsegaetvshopping.com/display/detail/20070082,건강식품
2026-01-10,23:26~00:27,전체,61,54,생활용품,위생용품,구강위생용품,구강세척기,기타 구강세척기,파나소닉,[방송에서만 이구성이가격] 파나소닉 제트워셔 NEW포터블 무선 구강세정기 1+1SET(DJ11),129000,129000,카드 5%,20039329,https://img.shinsegaetvshopping.com/goods/329/20039329_s_20230919170047.jpg,https://www.shinsegaetvshopping.com/display/detail/20039329,생활용품
2026-01-11,00:27~01:27,전체,60,41,패션,여성의류,아우터,점퍼,다운/패딩,펠틱스,25FW 펠틱스 라이트업 경량패딩 베스트 2종 (여성)[F513W],49900,49900,,20067780,https://img.shinsegaetvshopping.com/goods/780/20067780_l_20250909105329.jpg,https://www.shinsegaetvshopping.com/display/detail/20067780,여성의류
2026-01-11,01:27~02:28,전체,61,1,가공식품,건강식품,기타 건강식품,기타 건강식품,기타 건강식품,올리브올라이브,(방송에서만)[8+7박스]올리브 올라이브 유기농 엑스트라버진 올리브오일(스페인 아르베키나 품종),198000,198000,카드 5%,20068779,https://img.shinsegaetvshopping.com/goods/779/20068779_s_20251004001651.jpg,https://www.shinsegaetvshopping.com/display/detail/20068779,건강식품
2026-01-11,02:28~02:38,전체,10,1,가공식품,조미료,장류,낫토,식사용낫토,참좋은콩,맑은물에 김석원 낫또 45.5g x 34개,32900,32900,,10193559,https://img.shinsegaetvshopping.com/goods/559/10193559_s_20200429132104.jpg,https://www.shinsegaetvshopping.com/display/detail/10193559,일반식품
2026-01-11,02:38~03:39,전체,61,1,뷰티,이미용기기,미용기기,페이스기기,피부관리기,PMD,[pmd] 풀페이스 리프팅 탄력 밴드 + 리프팅  콜라겐 기초 3종 패키지,198000,198000,카드 5%,20068600,https://img.shinsegaetvshopping.com/goods/600/20068600_s_20250923134755.jpg,https://www.shinsegaetvshopping.com/display/detail/20068600,뷰티
2026-01-11,03:39~04:19,전체,40,1,패션,여성의류,상의,니트,긴팔,비버리힐즈폴로클럽,(신세계 단독)25FW 비버리힐즈폴로클럽 여성 울 블렌디드 반집업 케이블니트 3종,119000,119000,카드 5%,20068498,https://img.shinsegaetvshopping.com/goods/498/20068498_s_20251013112847.jpg,https://www.shinsegaetvshopping.com/display/detail/20068498,여성의류
2026-01-11,04:19~05:20,전체,61,1,패션,여성의류,상의,니트,긴팔,엘라코닉,"[런칭가69,000원→2만원 ↓]엘라코닉 메종어반 울라이크 플리스 풀오버",49000,49000,,20069004,https://img.shinsegaetvshopping.com/goods/004/20069004_s_20251211155851.jpg,https://www.shinsegaetvshopping.com/display/detail/20069004,PB
2026-01-11,05:20~06:40,전체,80,68,가공식품,건강식품,건강기능식품,건강기능식품,콜라겐,에버콜라겐_타임,(방송에서만 구미콜라겐 6봉 더!)[18개월분]에버콜라겐 타임레티놀A (총 540포)[1],529000,529000,카드 5%,20069254,https://img.shinsegaetvshopping.com/goods/254/20069254_s_20251021143542.jpg,https://www.shinsegaetvshopping.com/display/detail/20069254,건강식품
2026-01-11,06:40~08:00,전체,80,113,패션,레포츠의류,골프의류,세트,기타 세트,힐크릭,힐크릭 퍼 베스트 셋업,189000,189000,카드 5%,20069278,https://img.shinsegaetvshopping.com/goods/278/20069278_s_20251023084010.jpg,https://www.shinsegaetvshopping.com/display/detail/20069278,레포츠
2026-01-11,08:00~09:01,전체,61,124,가공식품,건강식품,기타 건강식품,기타 건강식품,기타 건강식품,리즐온,"(방송에서만 60병 더!) 이선민 알부민 골드 2+2, 총 4박스 (총 120병)",258000,258000,카드 5%,20070221,https://img.shinsegaetvshopping.com/goods/221/20070221_l_20251128165655.jpg,https://www.shinsegaetvshopping.com/display/detail/20070221,건강식품
2026-01-11,09:01~10:21,전체,80,121,패션,여성의류,하의,팬츠,캐주얼팬츠,라이프먼츠,25FW 라이프먼츠 여성 웨이스트프리 씬패딩 팬츠 3종,79800,79800,카드 5%,20069560,https://img.shinsegaetvshopping.com/goods/560/20069560_s_20251103110401.jpg,https://www.shinsegaetvshopping.com/display/detail/20069560,여성의류
2026-01-11,10:21~11:22,전체,61,120,가전/디지털,주방가전,진공포장기/음식물처리기,음식물처리기,분쇄건조방식,보랄,(방송에서만) 보랄 5.5L 음식물처리기(BR-JH5500FWD),489000,489000,카드 5%,20067989,https://img.shinsegaetvshopping.com/goods/989/20067989_s_20250901135925.jpg,https://www.shinsegaetvshopping.com/display/detail/20067989,주방가전
2026-01-11,11:22~12:22,전체,60,97,패션,여성의류,상의,니트,긴팔,브이컷,"[런칭가59,900원→1만원↓]브이컷 매직텐션 홀가먼트 니트 3종",49900,49900,,20067323,https://img.shinsegaetvshopping.com/goods/323/20067323_s_20251125160950.jpg,https://www.shinsegaetvshopping.com/display/detail/20067323,여성의류
2026-01-11,12:22~13:22,전체,60,90,패션,여성의류,하의,팬츠,부츠컷,블루핏,[25FW최신상] 블루핏 NEW 코듀로이 팬츠 3종,89900,89900,카드 5%,20066527,https://img.shinsegaetvshopping.com/goods/527/20066527_l_20251023092347.jpg,https://www.shinsegaetvshopping.com/display/detail/20066527,PB
2026-01-11,13:22~14:23,전체,61,96,뷰티,기초화장품,기초케어,오일/미스트,페이셜오일,프라우카,[방송중] 프라우카 앰플 오일 500ml 3병+ 오일 10ml +전용펌프3개 (아쇼라 특별구성),199000,199000,카드 5%,20070229,https://img.shinsegaetvshopping.com/goods/229/20070229_s_20251127162829.jpg,https://www.shinsegaetvshopping.com/display/detail/20070229,뷰티
2026-01-11,14:23~15:23,전체,60,94,패션,여성의류,아우터,재킷,우븐,에디티드,[25FW] 에디티드 Faux FUR 자켓,89000,89000,카드 5%,20068670,https://img.shinsegaetvshopping.com/goods/670/20068670_l_20251110142940.jpg,https://www.shinsegaetvshopping.com/display/detail/20068670,PB
2026-01-11,15:23~16:23,전체,60,71,뷰티,색조화장품,포인트메이크업,마스카라,마스카라,신데렐라스토리,♥ 예쁜눈 패키지 ♥ [기본] 신데렐라스토리 에어볼륨 마스카라 5개 + 아이라이너 1개 + (포토상품평) 미니고데기,68800,68800,카드 5%,20069821,https://img.shinsegaetvshopping.com/goods/821/20069821_s_20251110165038.png,https://www.shinsegaetvshopping.com/display/detail/20069821,뷰티
2026-01-11,16:23~17:24,전체,61,101,신선식품,농산물,과일류,체리,체리,PSK,"[맛보증]칠레산 생체리 2kg, 1박스(개당 26-28mm)",34110,34110,,20070737,https://img.shinsegaetvshopping.com/goods/737/20070737_s_20210105160537.jpg,https://www.shinsegaetvshopping.com/display/detail/20070737,일반식품
2026-01-11,17:24~18:24,IPTV,60,75,무형서비스,여행/예약서비스,여행(상담),국내,국내,위드투어,[*위드투어]얼리버드! 울릉도/독도 포항출발 대형크루즈 3박4일 패키지,0,0,,20070427,https://img.shinsegaetvshopping.com/goods/427/20070427_l_20251222105624.jpg,https://www.shinsegaetvshopping.com/display/detail/20070427,여행
2026-01-11,17:24~18:24,CATV,60,32,가공식품,건강식품,기타 건강식품,기타 건강식품,기타 건강식품,메이준_알부민,"(방송에서만 2+2박스) 이승남의 활력 알부민 프리미엄 골드 당제로(총 4박스, 120병)",258000,258000,카드 5%,20070270,https://img.shinsegaetvshopping.com/goods/270/20070270_s_20251215135531.jpg,https://www.shinsegaetvshopping.com/display/detail/20070270,건강식품
2026-01-11,18:24~19:24,전체,60,118,가공식품,냉동식품,냉동가공식품,냉동스테이크/떡갈비/섭산적,냉동갈비,조선호텔,조선호텔 양념 LA갈비 400g X 8팩,119900,119900,카드 5%,20060824,https://img.shinsegaetvshopping.com/goods/824/20060824_s_20250401104842.jpg,https://www.shinsegaetvshopping.com/display/detail/20060824,일반식품
2026-01-11,19:24~20:25,전체,61,126,패션,레포츠의류,골프의류,아우터,다운/패딩,힐크릭,힐크릭 여성 사가폭스 얼라이드 헤비 구스 다운,329000,329000,카드 5%,20069532,https://img.shinsegaetvshopping.com/goods/532/20069532_s_20251029170822.jpg,https://www.shinsegaetvshopping.com/display/detail/20069532,레포츠
2026-01-11,20:25~21:25,전체,60,126,가공식품,건강식품,기타 건강식품,기타 건강식품,기타 건강식품,여에스더,여에스더 울트라 프로바이오틱스 유산균(블루) 8개월분 (390mg x 60캡슐 x 4병)+알파CD 1박스,89000,89000,카드 5%,20069786,https://img.shinsegaetvshopping.com/goods/786/20069786_l_20260107093113.jpg,https://www.shinsegaetvshopping.com/display/detail/20069786,건강식품
2026-01-11,21:25~22:26,IPTV,61,73,무형서비스,여행/예약서비스,여행(상담),해외(동아시아),해외(동아시아),하나투어,[여행의신세계]하나투어✈대만! 항공+4성호텔+특식+간식+No단체쇼핑+지우펀 야경! 699천원부터,0,0,,20070515,https://img.shinsegaetvshopping.com/goods/515/20070515_l_20260107111914.jpg,https://www.shinsegaetvshopping.com/display/detail/20070515,여행
2026-01-11,21:25~22:26,CATV,61,32,가공식품,건강식품,기타 건강식품,기타 건강식품,기타 건강식품,HLB제약 알부민,"(방송에서만)[3박스]HLB제약 알부민 인텐시브 골드 329(30병 X 3박스, 총 90병)",169000,169000,카드 5%,20069257,https://img.shinsegaetvshopping.com/goods/257/20069257_s_20251028164602.jpg,https://www.shinsegaetvshopping.com/display/detail/20069257,건강식품
2026-01-11,22:26~23:26,IPTV,60,63,무형서비스,여행/예약서비스,여행(상담),해외(동아시아),해외(동아시아),,[*여행의신세계]여기어때투어 장가계+부용진 4/5/6일 노팁!230불상당 혜택포함,0,0,,20070517,https://img.shinsegaetvshopping.com/goods/517/20070517_l_20260106095833.jpg,https://www.shinsegaetvshopping.com/display/detail/20070517,여행
2026-01-11,22:26~23:26,CATV,60,27,뷰티,기초화장품,기초케어,크림/젤,크림,마미케어,[최대용량찬스] 마미케어 율무영양크림 기본세트 (크림 50g*4개+상품평 시 15g),59900,59900,카드 5%,20068484,https://img.shinsegaetvshopping.com/goods/484/20068484_s_20251125152604.jpg,https://www.shinsegaetvshopping.com/display/detail/20068484,뷰티
2026-01-11,23:26~00:27,IPTV,61,37,패션,남성캐쥬얼,아우터,코트,하프코트,인터메조,[웅니버스] 인터메조 25FW 울 캐시미어 블랜디드 코트,129000,129000,카드 5%,20069732,https://img.shinsegaetvshopping.com/goods/732/20069732_l_20251106140503.png,https://www.shinsegaetvshopping.com/display/detail/20069732,캐쥬얼남성
2026-01-11,23:26~00:27,CATV,61,16,패션,여성의류,아우터,점퍼,다운/패딩,리가,25FW 최신상 리가 풀스킨 밍크 폭스 콤비 구스다운,498000,498000,카드 5%,20070168,https://img.shinsegaetvshopping.com/goods/168/20070168_l_20251125161116.jpg,https://www.shinsegaetvshopping.com/display/detail/20070168,여성의류
2026-01-12,00:27~01:07,전체,40,14,가공식품,건강식품,기타 건강식품,기타 건강식품,기타 건강식품,비어랩,(방송에서만 30％ 세일) 비어랩 맥주효모 비오틴 플러스 18박스 (36주분),179200,179200,카드 5%,20068792,https://img.shinsegaetvshopping.com/goods/792/20068792_l_20250929161605.jpg,https://www.shinsegaetvshopping.com/display/detail/20068792,건강식품
2026-01-12,01:07~01:18,전체,11,1,가공식품,조미료,장류,낫토,식사용낫토,참좋은콩,맑은물에 김석원 낫또 45.5g x 34개,32900,32900,,10193559,https://img.shinsegaetvshopping.com/goods/559/10193559_s_20200429132104.jpg,https://www.shinsegaetvshopping.com/display/detail/10193559,일반식품
2026-01-12,01:18~02:38,전체,80,1,가공식품,건강식품,기타 건강식품,기타 건강식품,기타 건강식품,여에스더 글루타치온,(본품 최다) 여에스더 리포좀 글루타치온 울트라9X 13박스 + 마스크팩 1박스,374000,374000,카드 5%,20070343,https://img.shinsegaetvshopping.com/goods/343/20070343_l_20251201104206.jpg,https://www.shinsegaetvshopping.com/display/detail/20070343,건강식품
2026-01-12,02:38~03:39,전체,61,1,패션,여성의류,아우터,베스트,다운/패딩,플리츠미,(최초! 2만원 인하) (신세계 단독) 25FW 플리츠미 퀼팅 패딩 베스트 (직),119000,119000,카드 5%,20068650,https://img.shinsegaetvshopping.com/goods/650/20068650_s_20251010135459.jpg,https://www.shinsegaetvshopping.com/display/detail/20068650,여성의류
2026-01-12,03:39~04:19,전체,40,1,생활용품,생활용품,생활잡화류,핫팩,붙이는핫팩,하루온,"[방송에서만,62매]하루온 이지페인 온팩 총 62매(체험찬스2매+편안한 따뜻함+강한 따뜻함)",49800,49800,,20070858,https://img.shinsegaetvshopping.com/goods/858/20070858_l_20260108214119.jpg,https://www.shinsegaetvshopping.com/display/detail/20070858,생활용품
2026-01-12,04:19~04:30,전체,11,1,가공식품,빵류/떡류,빵류,기타 빵류,완두앙금빵,보리담은,"보리담은 아이스 찰보리빵 총100개, 오리지널 60개 + 쑥아이스 20개 + 유자아이스20개(개당28g)",39900,39900,,20066544,https://img.shinsegaetvshopping.com/goods/544/20066544_s_20250604102346.jpg,https://www.shinsegaetvshopping.com/display/detail/20066544,일반식품
2026-01-12,04:30~05:30,전체,60,1,가공식품,건강식품,천연건강식품,자연식품,기타 자연식품,미녀의석류콜라겐,[유지인pick] 미녀의 콜라겐 양태반 360포 (2.5g x 30포 x 12Box)(직),99000,99000,,20064902,https://img.shinsegaetvshopping.com/goods/902/20064902_s_20231005142020.jpg,https://www.shinsegaetvshopping.com/display/detail/20064902,건강식품
2026-01-12,05:30~06:30,전체,60,36,가공식품,건강식품,건강기능식품,건강기능식품,유산균,비에날씬,(방송에서만 슬림플러스 2박스)★NEW 비에날씬 프로★[11박스]BNR17 다이어트 유산균 비에날씬 프로 + 슬림플러스 2박스,584100,584100,카드 5%,20065638,https://img.shinsegaetvshopping.com/goods/638/20065638_s_20250516161058.jpg,https://www.shinsegaetvshopping.com/display/detail/20065638,건강식품
2026-01-12,06:30~07:31,전체,61,67,가공식품,건강식품,기타 건강식품,기타 건강식품,기타 건강식품,닥터린_콘드로이친,(K 50％세일) 닥터린 콘드로이친 1200 + MBP +K2 (30정X12박스),164500,164500,카드 5%,20061718,https://img.shinsegaetvshopping.com/goods/718/20061718_s_20240930104451.jpg,https://www.shinsegaetvshopping.com/display/detail/20061718,건강식품
2026-01-12,07:31~08:31,전체,60,50,뷰티,기초화장품,기초케어,크림/젤,크림,톤28,최현우 패키지] 톤 28 해남 병풀 새벽크림 50g x 6통 +  펩타시카 토너 250ml x 2통,168000,168000,카드 5%,20069720,https://img.shinsegaetvshopping.com/goods/720/20069720_s_20251106121255.jpg,https://www.shinsegaetvshopping.com/display/detail/20069720,뷰티
2026-01-12,08:31~09:32,IPTV,61,53,패션,레포츠의류,골프의류,세트,기타 세트,힐크릭,힐크릭 퍼 베스트 셋업,189000,189000,카드 5%,20069278,https://img.shinsegaetvshopping.com/goods/278/20069278_s_20251023084010.jpg,https://www.shinsegaetvshopping.com/display/detail/20069278,레포츠
2026-01-12,08:31~09:32,CATV,61,23,패션,레포츠용품,스포츠슈즈,베이직스포츠,방한화,JEEP,지프(JEEP)  여성 하이컷 방한화,79000,79000,카드 5%,20070375,https://img.shinsegaetvshopping.com/goods/375/20070375_s_20251209141524.jpg,https://www.shinsegaetvshopping.com/display/detail/20070375,레포츠
2026-01-12,09:32~10:32,IPTV,60,49,생활용품,청소/욕실용품,타월,샤워타월/목욕용타월,샤워타월,테리갤러리,송월 시그니처 더블 스트라이프 코튼 타월 10장+10장 세트,104900,104900,카드 5%,20070480,https://img.shinsegaetvshopping.com/goods/480/20070480_s_20251212181216.jpg,https://www.shinsegaetvshopping.com/display/detail/20070480,생활용품
2026-01-12,09:32~10:32,CATV,60,21,가구/인테리어,침구세트,이불베개세트,킹이불베개세트,킹이불베개세트,메종노아,"[메종노아/K]차렵 베딩 풀세트 1+1(킹,화이트공통+민트또는라벤더핑크1선택,차렵이불2+패드2+베개커버4)",119900,119900,카드 5%,20068225,https://img.shinsegaetvshopping.com/goods/225/20068225_s_20250929184556.jpg,https://www.shinsegaetvshopping.com/display/detail/20068225,침구
2026-01-12,10:32~11:32,전체,60,64,뷰티,기초화장품,기초케어,크림/젤,크림,센텔리안24,[최대용량] NEW 동국제약 마데카 크림 타이트 리프팅 (크림 50ml*10+여행용5매키트),89910,89910,카드 5%,20070763,https://img.shinsegaetvshopping.com/goods/763/20070763_s_20251230153346.jpg,https://www.shinsegaetvshopping.com/display/detail/20070763,뷰티
2026-01-12,11:32~12:33,전체,61,43,가공식품,절임/발효식품,김치류,배추김치,포기김치,조선호텔 김치,조선호텔 포기김치 9kg,81900,81900,카드 5%,20061310,https://img.shinsegaetvshopping.com/goods/310/20061310_s_20250205102951.jpg,https://www.shinsegaetvshopping.com/display/detail/20061310,일반식품
2026-01-12,12:33~13:33,전체,60,54,패션,여성의류,상의,니트,긴팔,데너,"[런칭가 139,000 → 109,000] 데너 몽골 햇 캐시미어100 터틀넥니트(25FW)",109000,109000,카드 5%,20069244,https://img.shinsegaetvshopping.com/goods/244/20069244_s_20251017135049.jpg,https://www.shinsegaetvshopping.com/display/detail/20069244,여성의류
2026-01-12,13:33~14:33,전체,60,53,패션,여성의류,하의,팬츠,정장팬츠/슬랙스,모브온,모브온 25FW 기모 짱짱 팬츠 3종 (25년 최신상!),79900,79900,카드 5%,20068956,https://img.shinsegaetvshopping.com/goods/956/20068956_s_20251028132636.jpg,https://www.shinsegaetvshopping.com/display/detail/20068956,여성의류
2026-01-12,14:33~15:34,전체,61,56,패션,여성의류,아우터,코트,하프코트,에디티드,[25FW] 에디티드 핸드메이드 하프 코트,109000,109000,카드 5%,20067118,https://img.shinsegaetvshopping.com/goods/118/20067118_l_20251024133800.jpg,https://www.shinsegaetvshopping.com/display/detail/20067118,PB
2026-01-12,15:34~16:34,전체,60,46,무형서비스,보험금융,보험,치매보험,치매보험,라이나생명과 라이나원,20070165 라이나 전에없던 치매간병보험(1212.김),0,0,,20070165,https://img.shinsegaetvshopping.com/goods/165/20070165_l_20240529135422.jpg,https://www.shinsegaetvshopping.com/display/detail/20070165,보험
2026-01-12,16:34~17:34,전체,60,61,신선식품,농산물,채소류,고구마,호박고구마,자연마루,안면도 호박고구마 4kg * 2박스 (개당 100-300g내외) / 총 8kg,29900,29900,,20069505,https://img.shinsegaetvshopping.com/goods/505/20069505_s_20251222145230.jpg,https://www.shinsegaetvshopping.com/display/detail/20069505,일반식품
2026-01-12,17:34~18:35,IPTV,61,44,가공식품,냉동식품,기타 냉동식품,기타 냉동식품,기타 냉동식품,조선호텔,(25) 조선호텔 육개장 730g X 7팩 (직),44010,44010,,20061923,https://img.shinsegaetvshopping.com/goods/923/20061923_s_20250401131401.jpg,https://www.shinsegaetvshopping.com/display/detail/20061923,일반식품
2026-01-12,17:34~18:35,CATV,61,19,가전/디지털,주방가전,전기쿠커/포트,전기포트,티포트,보랄,(방송에서만 일시불 1만원) (특대용량 3L) 보랄 스마트 글라스 보온 포트 (BR-P30L),89000,89000,카드 5%,20062988,https://img.shinsegaetvshopping.com/goods/988/20062988_s_20241014143115.jpg,https://www.shinsegaetvshopping.com/display/detail/20062988,주방가전
2026-01-12,18:35~19:35,전체,60,64,패션,남성캐쥬얼,상의,니트,긴팔,기라로쉬,기라로쉬 25FW 울 100 니트 2종,99000,99000,카드 5%,20068775,https://img.shinsegaetvshopping.com/goods/775/20068775_l_20251015152534.jpg,https://www.shinsegaetvshopping.com/display/detail/20068775,캐쥬얼남성
2026-01-12,19:35~20:35,전체,60,91,패션,레포츠용품,스포츠슈즈,베이직스포츠,방한화,헤드,헤드 남성 신슐레이트 패딩 슬립온 (패딩방한화),89000,89000,카드 5%,20070211,https://img.shinsegaetvshopping.com/goods/211/20070211_s_20251130173442.jpg,https://www.shinsegaetvshopping.com/display/detail/20070211,레포츠
2026-01-12,20:35~21:36,전체,61,114,가공식품,건강식품,천연건강식품,자연식품,기타 자연식품,홀베리 올리브유,(방송에서만 반값세일!)[홀베리/10박스] 엑스트라버진 유기농 올리브유 10박스 (총 140포)[1],99000,99000,카드 5%,20070887,https://img.shinsegaetvshopping.com/goods/887/20070887_s_20250822102950.jpg,https://www.shinsegaetvshopping.com/display/detail/20070887,건강식품
2026-01-12,21:36~22:36,전체,60,109,무형서비스,렌탈및기타 서비스,렌탈서비스,리모델링시공,리모델링시공,한샘,[시공] 한샘 인테리어 상담예약 (FW 시공),0,0,,20067390,https://img.shinsegaetvshopping.com/goods/390/20067390_s_20240202170042.jpg,https://www.shinsegaetvshopping.com/display/detail/20067390,렌탈
2026-01-12,22:36~23:37,전체,61,67,뷰티,기초화장품,클렌징,페이셜클렌징,클렌징젤,마미케어,**방송에서만 최대용량** APPLECIDER VINEGAR 애사비 클렌저 세트 (200ml*6개+2ml 7매),79900,79900,카드 5%,20068235,https://img.shinsegaetvshopping.com/goods/235/20068235_s_20250828134202.jpg,https://www.shinsegaetvshopping.com/display/detail/20068235,뷰티
2026-01-12,23:37~00:37,전체,60,49,패션,레포츠의류,스포츠의류,아우터,다운/패딩,트렉스타,[트렉스타스포츠] 에버웜 롱패딩 1종 (남녀 공용),79000,79000,카드 5%,20070201,https://img.shinsegaetvshopping.com/goods/201/20070201_s_20251127125630.jpg,https://www.shinsegaetvshopping.com/display/detail/20070201,레포츠
2026-01-13,00:37~01:38,전체,61,32,생활용품,생활용품,생활잡화류,옷걸이/벽걸이,기타 옷걸이/벽걸이,이즈미,[판매1등] 이즈미 프리미엄 보풀 제거기 IKL-810 *,84000,84000,카드 5%,20069573,https://img.shinsegaetvshopping.com/goods/573/20069573_s_20201106150257.jpg,https://www.shinsegaetvshopping.com/display/detail/20069573,생활용품
2026-01-13,01:38~02:38,전체,60,1,패션,여성의류,아우터,코트,롱코트,엘라코닉,"[런칭가299,000원→10만원 인하] 엘라코닉  캐시미어울 핸드메이드 롱 코트",199000,199000,카드 5%,20067523,https://img.shinsegaetvshopping.com/goods/523/20067523_l_20251123074811.jpg,https://www.shinsegaetvshopping.com/display/detail/20067523,PB
2026-01-13,02:38~03:39,전체,61,1,뷰티,색조화장품,포인트메이크업,마스카라,마스카라,신데렐라스토리,♥ 예쁜눈 패키지 ♥ [기본] 신데렐라스토리 에어볼륨 마스카라 5개 + 아이라이너 1개 + (포토상품평) 미니고데기,68800,68800,카드 5%,20070871,https://img.shinsegaetvshopping.com/goods/871/20070871_s_20251110165038.png,https://www.shinsegaetvshopping.com/display/detail/20070871,뷰티
2026-01-13,03:39~03:59,전체,20,1,생활용품,의료기기,기구/기계,의료용자기발생기,의료용자기발생기,온바디,"[방송중에만/의료기기] 닥터벨트 에어핏! 국내제조, 식약처 인증 의료기기(추간판탈출증,퇴행성협착증,의료용자기발생기)",99000,99000,카드 5%,20070519,https://img.shinsegaetvshopping.com/goods/519/20070519_s_20251215144727.jpg,https://www.shinsegaetvshopping.com/display/detail/20070519,생활가전
2026-01-13,03:59~04:19,전체,20,1,생활용품,생활용품,생활잡화류,옷걸이/벽걸이,기타 옷걸이/벽걸이,이즈미,이즈미 프리미엄 보풀 제거기 IKL-810,84000,84000,카드 5%,20070341,https://img.shinsegaetvshopping.com/goods/341/20070341_s_20201106150257.jpg,https://www.shinsegaetvshopping.com/display/detail/20070341,생활용품
2026-01-13,04:19~04:30,전체,11,1,가공식품,즉석/편의식품,즉석/조리식품,즉석국/탕/찌개류,기타 즉석국/탕/찌개류,하동관,하동관 한우암소곰탕 600g x 6팩,59900,59900,카드 5%,20067023,https://img.shinsegaetvshopping.com/goods/023/20067023_s_20250808152505.jpg,https://www.shinsegaetvshopping.com/display/detail/20067023,일반식품
2026-01-13,04:30~05:30,전체,60,1,패션,여성의류,아우터,코트,롱코트,블루핏,"[론칭가159,000원→3만원↓]블루핏 울 발마칸 코트",129000,129000,카드 5%,20066932,https://img.shinsegaetvshopping.com/goods/932/20066932_l_20251105112717.jpg,https://www.shinsegaetvshopping.com/display/detail/20066932,PB
2026-01-13,05:30~06:30,전체,60,38,가공식품,건강식품,기타 건강식품,기타 건강식품,기타 건강식품,팔레오_산양유,6통 [12/29-1/17 반값세일]  팔레오 근력강화 프로틴 plus 마그네슘 6통 +보틀1 +스푼1,126000,126000,카드 5%,20063291,https://img.shinsegaetvshopping.com/goods/291/20063291_s_20251209170139.jpg,https://www.shinsegaetvshopping.com/display/detail/20063291,건강식품
2026-01-13,06:30~07:31,전체,61,71,뷰티,기초화장품,기초케어,에센스/세럼/앰플,앰플,도미나스,방송에서만) 태극제약 도미나스 트라넥삼산 기미 앰플6개 + 아이크림 2개 + 에센스 1개 + 앰플체험분 10매,129000,129000,카드 5%,20069428,https://img.shinsegaetvshopping.com/goods/428/20069428_s_20251024185700.jpg,https://www.shinsegaetvshopping.com/display/detail/20069428,뷰티
2026-01-13,07:31~08:31,전체,60,70,가전/디지털,주방가전,전기쿠커/포트,전기포트,티포트,보랄,(방송에서만!)[최신!특대용량 4L] 보랄 스마트 글라스 보온 포트 (BR-A40L),99000,99000,카드 5%,20070190,https://img.shinsegaetvshopping.com/goods/190/20070190_s_20250930090207.jpg,https://www.shinsegaetvshopping.com/display/detail/20070190,주방가전
2026-01-13,08:31~09:32,전체,61,80,패션,여성의류,특종,퍼악세서리,머플러,블루핏,[25FW최신상] 블루핏X로보 스페인 라도마 더블 하프 무스탕 (리버시블),1390000,1390000,카드 5%,20070344,https://img.shinsegaetvshopping.com/goods/344/20070344_l_20251120160828.jpg,https://www.shinsegaetvshopping.com/display/detail/20070344,PB
2026-01-13,09:32~10:32,전체,60,73,패션,여성의류,아우터,코트,케이프/숄,엘라코닉,"[런칭가159,000원→3만원 인하] 엘라코닉  핸드메이드 케이프+숄 코트",129000,129000,카드 5%,20067522,https://img.shinsegaetvshopping.com/goods/522/20067522_l_20251104112135.jpg,https://www.shinsegaetvshopping.com/display/detail/20067522,PB
2026-01-13,10:32~11:32,전체,60,67,패션,여성의류,아우터,점퍼,다운/패딩,시슬리,"[런칭가399,000원]25FW 시슬리 하이넥 벨티드 롱 다운 점퍼 1종",299000,299000,카드 5%,20069971,https://img.shinsegaetvshopping.com/goods/971/20069971_l_20251106165828.jpg,https://www.shinsegaetvshopping.com/display/detail/20069971,여성의류
2026-01-13,11:32~12:33,전체,61,44,뷰티,기초화장품,기초케어,크림/젤,크림,클랍,[아쇼라 특별구성]클랍 비타민A 앰플 흡수마스크 4단지,219000,219000,카드 5%,20069870,https://img.shinsegaetvshopping.com/goods/870/20069870_s_20241230173633.jpg,https://www.shinsegaetvshopping.com/display/detail/20069870,뷰티
2026-01-13,12:33~13:33,IPTV,60,39,가공식품,냉동식품,기타 냉동식품,기타 냉동식품,기타 냉동식품,최현석 셰프,[방송에서만] 최현석 마녀스프 300g X 20팩,89900,89900,카드 5%,20070086,https://img.shinsegaetvshopping.com/goods/086/20070086_s_20251113115346.jpg,https://www.shinsegaetvshopping.com/display/detail/20070086,일반식품
2026-01-13,12:33~13:33,CATV,60,17,뷰티,기초화장품,기초케어,크림/젤,크림,마미케어,[최대용량찬스] 마미케어 율무영양크림 기본세트 (크림 50g*4개+상품평 시 15g),59900,59900,카드 5%,20068484,https://img.shinsegaetvshopping.com/goods/484/20068484_s_20251125152604.jpg,https://www.shinsegaetvshopping.com/display/detail/20068484,뷰티
2026-01-13,13:33~14:33,전체,60,54,가공식품,건강식품,기타 건강식품,기타 건강식품,기타 건강식품,HLB제약 알부민,"(방송에서만)[3박스]HLB제약 알부민 인텐시브 골드 329(30병 X 3박스, 총 90병)",169000,169000,카드 5%,20069257,https://img.shinsegaetvshopping.com/goods/257/20069257_s_20251028164602.jpg,https://www.shinsegaetvshopping.com/display/detail/20069257,건강식품
2026-01-13,14:33~15:34,전체,61,43,생활용품,주방용품,조리용기,믹싱볼,기타 믹싱볼,칼만,★최다구성/방송에서만★ 칼만 대용량 스텐밧드 풀세트 (+특대형 스텐바스켓+소형밧드),79000,79000,카드 5%,20068044,https://img.shinsegaetvshopping.com/goods/044/20068044_s_20250905131558.jpg,https://www.shinsegaetvshopping.com/display/detail/20068044,주방용품
2026-01-13,15:34~16:34,전체,60,47,패션,여성의류,아우터,가디건,라운드,블루핏,"[론칭가69,000원→2만원↓] 블루핏 알파카 혼방 배색 가디건",49000,49000,,20066554,https://img.shinsegaetvshopping.com/goods/554/20066554_l_20250806134217.jpg,https://www.shinsegaetvshopping.com/display/detail/20066554,PB
2026-01-13,16:34~17:34,전체,60,50,가공식품,축산가공식품,조미육가공,떡갈비,한우떡갈비,최현석 셰프,[방송에서만] 최현석 횡성축협한우 한돈한우 직화스테이크 160g*21팩(총 42장) [직],59900,59900,카드 5%,20070090,https://img.shinsegaetvshopping.com/goods/090/20070090_s_20250826133348.jpg,https://www.shinsegaetvshopping.com/display/detail/20070090,일반식품
2026-01-13,17:34~18:35,IPTV,61,35,신선식품,농산물,과일류,사과,사과,청송주왕산사과,프리미엄 청송 주왕산사과(大과) 2.7kg*2박스(5.4kg) 부사(미시마품종),79900,79900,카드 5%,20053611,https://img.shinsegaetvshopping.com/goods/611/20053611_s_20240221105137.jpg,https://www.shinsegaetvshopping.com/display/detail/20053611,일반식품
2026-01-13,17:34~18:35,CATV,61,15,패션,여성의류,상의,티셔츠,후드,브이컷,"[런칭가59,900원→1만원↓]브이컷 소프트 플리스 풀오버 3종",49900,49900,,20068329,https://img.shinsegaetvshopping.com/goods/329/20068329_s_20251029104956.jpg,https://www.shinsegaetvshopping.com/display/detail/20068329,여성의류
2026-01-13,18:35~19:35,전체,60,69,패션,여성의류,아우터,코트,롱코트,아쿠아스큐텀,"[런칭가179,900원→3만원↓]아쿠아스큐텀 여성  헝가리구스 발마칸 다운코트",149900,149900,카드 5%,20069758,https://img.shinsegaetvshopping.com/goods/758/20069758_l_20251104114254.jpg,https://www.shinsegaetvshopping.com/display/detail/20069758,여성의류
2026-01-13,19:35~20:35,전체,60,99,무형서비스,보험금융,보험,치아보험,치아보험,라이나생명과 라이나원,"20069287 라이나 더 건강한 치아보험(1105,김)",0,0,,20069287,https://img.shinsegaetvshopping.com/goods/287/20069287_l_20240529135447.jpg,https://www.shinsegaetvshopping.com/display/detail/20069287,보험
2026-01-13,20:35~21:36,전체,61,120,생활용품,세탁용품,세탁세제류,일반세탁세제,세탁세제,퍼실,[신라밸] 퍼실 New 딥클린 파워 라벤더 2.2L x 4개 + 1.5L x 5팩 + 프릴 1L + 미니쇼핑카트 1개 + 26cm 프라이팬 1개 (일반&드럼 겸용),83900,83900,카드 5%,20068551,https://img.shinsegaetvshopping.com/goods/551/20068551_s_20260109143358.jpg,https://www.shinsegaetvshopping.com/display/detail/20068551,생활용품
2026-01-13,21:36~22:36,전체,60,118,뷰티,색조화장품,포인트메이크업,마스카라,마스카라,닥터3,[단독! 본품최다!] 닥터3 블랙 펩타이드 세럼카라 6ml X 5개,59900,59900,카드 5%,20068310,https://img.shinsegaetvshopping.com/goods/310/20068310_s_20250912164657.png,https://www.shinsegaetvshopping.com/display/detail/20068310,뷰티
2026-01-13,22:36~23:37,IPTV,61,50,무형서비스,여행/예약서비스,여행(상담),해외(동아시아),해외(동아시아),모두투어,[*특집전]모두투어 시그니처 청도 3일 4일! 노팁/노옵션/월드체인호텔/현지식사 299천원부터!,0,0,,20070599,https://img.shinsegaetvshopping.com/goods/599/20070599_l_20260108113148.jpg,https://www.shinsegaetvshopping.com/display/detail/20070599,여행
2026-01-13,22:36~23:37,CATV,61,22,뷰티,헤어/바디용품,헤어케어,염색약/흑채,염색약,보스티나,방송에서만) 보스티나 더 플러스 염색제 10개 + 앰플10매 + 무선고데기 1종,79900,79900,카드 5%,20070356,https://img.shinsegaetvshopping.com/goods/356/20070356_s_20251204142303.jpg,https://www.shinsegaetvshopping.com/display/detail/20070356,뷰티
2026-01-13,23:37~00:37,전체,60,62,패션잡화,언더웨어,남성,팬티,드로즈(사각),게스언더웨어,[신세계단독] 게스(GUESS) 홀리데이 드로즈 8종+ 티셔츠1종 패키지,88000,88000,카드 5%,20069152,https://img.shinsegaetvshopping.com/goods/152/20069152_s_20251113155804.jpg,https://www.shinsegaetvshopping.com/display/detail/20069152,언더웨어
